case-name,P,EP,KX,KY,KZ,c1,p1,ep1,kx1,ky1,kz1,c2,p2,ep2,kx2,ky2,kz2,c3,p3,ep3,kx3,ky3,kz3,c4,p4,ep4,kx4,ky4,kz4,c5,p5,ep5,kx5,ky5,kz5,c6,p6,ep6,kx6,ky6,kz6,c7,p7,ep7,kx7,ky7,kz7,c8,p8,ep8,kx8,ky8,kz8
1.0,0.10878763,0.107075558,0.9335,1.419,1.0616,1,0.165296889,0.165386132,3.7,7.883999999999999,10.6643,4,0.078402074,0.075734967,0.0218,1.0629,1.0502,55,0.09794163,0.096940341,0.2816,0.1759,0.532,58,0.135694519,0.134720381,0.4686,1.646,2.242,973,0.12426637,0.123825188,1.6282,3.0479,5.7915,976,0.12875851900000002,0.12820409,0.2433,1.7556,1.0767,1027,0.08480622199999999,0.071982054,0.1524,0.7048,0.944,1030,0.055134815,0.045889014000000006,0.0,0.5335,0.0579
3.0,0.111757296,0.109873956,0.6642,1.9203,1.1886,3,0.08272355599999999,0.082273762,1.2286,1.0239,1.8307,6,0.089185481,0.08430971,0.4885,0.6416,0.0553,57,0.14348296300000002,0.142779531,0.7643,2.3462,0.904,60,0.142830815,0.12635780800000002,0.0,19.9879,0.5665,975,0.117976296,0.117661584,1.1912,2.6321,1.151,978,0.135052148,0.133243579,1.9726,1.0451,0.7742,1029,0.073109333,0.054362431,0.0,0.4453,0.5839,1032,0.109697778,0.109066911,1.7963,0.929,2.9022
5.0,0.11982563,0.116842726,0.3626,1.8574,0.7717,5,0.083529185,0.08106265,0.4509,2.9387,0.2535,8,0.08355792599999999,0.062373885,0.0961,0.109,0.0,59,0.13949837,0.13697533,0.0372,3.9163,1.7982,62,0.128720593,0.126472011,0.0555,2.5047,6.1610000000000005,977,0.147091259,0.145880927,2.4846,2.7216,0.8202,980,0.109386074,0.100341912,0.2742,0.4718,0.106,1031,0.08816237,0.087076111,0.0648,0.5697,1.2222,1034,0.178659259,0.17629476,3.1668,16.96,0.6256
7.0,0.12633937,0.121837639,0.3634,1.7781,0.6191,7,0.089725926,0.08633144,0.2144,0.2295,0.1279,10,0.11109837,0.099538236,0.2324,0.1867,0.1696,61,0.161691259,0.140009548,0.0,35.0396,5.5617,64,0.07498548099999999,0.070782922,0.08900000000000001,0.2192,0.1447,979,0.125860148,0.119027542,0.6992,0.5717,0.5143,982,0.100256593,0.094989932,0.369,0.3614,0.3611,1033,0.141658963,0.138494679,1.28,7.697,5.5094,1036,0.205438222,0.205714354,5.1871,3.8102,3.6645
9.0,0.11738137,0.107308192,0.3003,0.9335,0.3501,9,0.08437096300000001,0.075621995,0.08199999999999999,0.0878,0.0933,12,0.146391407,0.131040132,0.0656,0.0731,0.1296,63,0.106082074,0.103866978,0.1455,0.3443,5.8637,66,0.065096593,0.020180794,0.0,0.0,0.0,981,0.111792296,0.106557803,0.5134,0.6092,0.2554,984,0.071205037,0.064667686,0.0172,0.0256,0.0995,1035,0.217205333,0.215870586,14.1065,6.5435,2.3515,1038,0.136907259,0.135879205,0.6954,2.1118,1.3463
11.0,0.121925481,0.113768049,0.29100000000000004,0.332,0.3709,11,0.128028741,0.095132014,0.2364,0.0903,0.099,14,0.122423704,0.104715216,0.1862,1.0407,0.0924,65,0.061209778,0.034797773,0.0293,0.0,0.0,68,0.196815111,0.196565796,9.5209,0.0,21.4874,983,0.080500741,0.06847669299999999,0.0863,0.0257,0.2159,986,0.136396741,0.13211946300000002,0.1592,0.3473,0.3051,1037,0.154677037,0.15356276,1.3244,4.3556,2.852,1040,0.095352,0.06359865599999999,0.1277,0.3983,0.5579999999999999
13.0,0.118078037,0.112287171,0.6919,0.4035,0.9016,13,0.116591111,0.102780034,0.1747,0.1289,0.0922,16,0.112823407,0.08595591300000001,0.0,3.7516,0.0,67,0.140157926,0.12954317699999998,6.1416,0.0,6.2374,70,0.095591704,0.093122937,0.4181,0.4539,7.1101,985,0.08258637,0.074944391,0.1693,0.0735,0.0997,988,0.217026667,0.218652885,12.7419,52.6396,51.3736,1039,0.118016889,0.113403602,0.0359,0.4562,0.672,1042,0.061830222,0.053204166,0.2082,1.2265,0.6779999999999999
15.0,0.14585363,0.144361996,0.7639,6.0191,1.8501,15,0.126558519,0.081186146,0.0,2.2347,0.0,18,0.111367111,0.121994038,0.9955,2.5298,0.0,69,0.195384,0.195219992,9.0438,1.0406,22.5893,72,0.141512,0.14239101699999998,10.4043,0.818,34.4707,987,0.201495704,0.200740925,13.4528,4.8704,1.4915,990,0.167688593,0.168209857,1.6477,38.0897,13.1463,1041,0.05957363,0.053091754000000005,0.517,0.3432,0.1282,1044,0.163249481,0.138537225,0.0,0.0191,2.5161
17.0,0.115914556,0.114575133,0.3902,0.7816,0.8306,20,0.086657185,0.085909896,0.0421,0.1916,0.5155,23,0.15424859300000002,0.154775327,0.6591,7.5464,1.5386,74,0.13438044400000002,0.133532445,0.3424,1.2002,1.5457,77,0.119456296,0.105655711,0.0,1.7558,1.7318,992,0.118287111,0.112240299,0.7094,2.9479,2.8715,995,0.118024889,0.116609125,1.4139,0.0615,0.8189,1046,0.116574222,0.047376788,0.0,0.4678,0.0591,1049,0.079687704,0.07837384,0.0766,0.598,0.1977
19.0,0.115247852,0.112854278,0.3424,1.3252,1.0902,22,0.12785837,0.128316054,0.2977,0.3662,1.2402,25,0.133125926,0.128711286,0.1737,18.3057,0.1671,76,0.105688,0.104725964,0.3224,0.8459,1.88,79,0.147704889,0.143505056,0.1212,5.2668,3.2782,994,0.123179259,0.11622173,0.3566,0.2091,1.2612,997,0.099973926,0.095656005,0.7015,0.5199,0.5121,1048,0.047155852000000005,0.041619948,0.0,0.5687,0.0744,1051,0.137296593,0.136412153,0.1642,7.6184,3.1577
21.0,0.129819074,0.125758196,0.4006,1.0964,0.7815,24,0.147906963,0.14599401,0.5382,18.9676,0.5764,27,0.118285037,0.114117931,0.2825,0.4086,0.1861,78,0.130085037,0.092045062,0.0,3.3917,0.6059,81,0.092838519,0.089423095,0.1781,0.2535,4.3253,996,0.102943111,0.09377311,1.4197,0.1114,0.7759,999,0.105017481,0.09909318,0.3469,0.5087,0.2156,1050,0.100438815,0.099376448,0.9889,0.9671,1.8766,1053,0.24103763,0.24346853,38.6423,20.3684,15.287
23.0,0.127591185,0.120455136,0.5745,3.2258,0.9627,26,0.114058074,0.080149585,0.0668,2.2331,0.0,29,0.134354074,0.114017164,0.3202,0.107,1.7186,80,0.116219556,0.112822511,0.1788,1.2284,4.3661,83,0.08967674099999999,0.081256235,0.4675,0.1023,0.0743,998,0.08854933300000001,0.078445609,0.2262,0.4463,0.0542,1001,0.115921778,0.107627952,0.7558,2.3724,0.3363,1052,0.198936593,0.199585459,7.0518,17.3699,1.4921,1055,0.163013333,0.16116733800000002,1.9929,5.2387,4.7138
25.0,0.12885063,0.124509814,0.4832,0.397,1.1249,28,0.13685303699999998,0.131307725,0.4706,0.5772,1.7083,31,0.105341333,0.095763042,0.0,0.1048,0.0931,82,0.080902222,0.071650305,0.5058,0.2527,0.2125,85,0.13414577800000002,0.124549594,5.5628,0.0037,1.6981,1000,0.11319437,0.109845395,0.8713,0.4761,0.4953,1003,0.115770074,0.097174457,0.1555,0.2235,0.505,1054,0.214938074,0.215776536,7.2695,6.0652,13.1975,1057,0.129660148,0.125628924,0.0113,0.0391,1.5097
27.0,0.133992852,0.12747531,0.5904,0.4047,1.2291,30,0.125101926,0.108541353,0.0347,0.0734,1.1957,33,0.162921185,0.154066597,4.2063,23.9058,0.0,84,0.096365926,0.07320301900000001,0.0003,0.0027,0.0003,87,0.166327704,0.166087025,7.4859,3.0955,7.8321,1002,0.110876741,0.107732191,0.362,0.2222,0.3818,1005,0.218805037,0.219366094,13.4854,5.6469,2.2671,1056,0.145700148,0.14408726800000002,0.0114,4.1991,2.3722,1059,0.045844148,0.027112694,0.0038,0.0,0.0066
29.0,0.127674815,0.124298517,1.4992,0.5897,1.4001,32,0.128927704,0.110875125,0.0059,0.2931,0.1017,35,0.135453333,0.129685371,2.8291,2.5617,0.0,86,0.17353688899999994,0.17252718,8.1641,0.0258,7.8487,89,0.058569778,0.056193262,0.3755,0.8564,0.1286,1004,0.161801481,0.156142405,0.2545,0.3798,1.2545,1007,0.173906074,0.172906737,3.2079,8.3934,4.4212,1058,0.087563556,0.035233648,0.0,0.0,0.3432,1061,0.101639704,0.100060883,2.6887,0.6055,3.1572
31.0,0.10953737,0.107830268,0.2852,0.6055,0.9546,37,0.08677333300000001,0.07225838,0.1438,0.4109,0.4496,40,0.145858963,0.14605111199999998,0.3511,1.4361,3.0466,91,0.118404741,0.117120799,0.0151,0.2734,1.4031,94,0.099287111,0.098727394,0.3085,0.55,1.232,1009,0.096024593,0.091252694,0.0,0.2975,2.5529,1012,0.083553185,0.073523459,0.3602,0.0634,0.0448,1063,0.179181333,0.178822901,0.7127,0.9846,0.9914,1066,0.067215704,0.064660744,0.1316,0.2626,0.1283
33.0,0.115563222,0.114133973,0.1526,1.1705,1.7488,39,0.104893037,0.10250785,0.2043,0.755,0.8557,42,0.162001185,0.160334327,0.07200000000000001,29.7687,1.601,93,0.104818667,0.104079485,0.3613,0.6039,0.8165,96,0.14308148099999998,0.140975795,0.0029,5.2159,0.6333,1011,0.089896,0.081367415,0.0,0.8418,0.8421,1014,0.111811556,0.110587378,0.8279,0.5759,1.7615,1065,0.118956148,0.08352607599999999,0.0,0.2417,2.4386,1068,0.089047704,0.087666384,0.1889,2.5049,3.9714
35.0,0.12045937,0.117234144,0.3572,2.6894,2.5526,41,0.168026963,0.168916349,0.2335,6.9443,9.4215,44,0.118392296,0.114827781,0.0677,2.5518,0.0024,95,0.124578667,0.121863583,0.0029,9.0806,2.9062,98,0.127642074,0.125313186,0.4662,2.2985,3.483,1013,0.106410963,0.105472538,0.8174,0.0598,1.7648,1016,0.105459259,0.08548353800000001,0.0,6.8015,0.0559,1067,0.079608296,0.078447512,0.1914,0.1509,2.4606,1070,0.133556444,0.131940321,6.6534,6.9351,1.1425
37.0,0.128200704,0.12523321,0.9294,4.0646,1.4894,43,0.152073185,0.147038632,0.0,36.5964,0.381,46,0.11143763,0.101977254,0.5322,0.4914,0.1559,97,0.15090577800000002,0.147403634,0.2104,3.2591,2.2177,100,0.102495407,0.101289797,1.8249,3.0339,0.491,1015,0.116676741,0.107043166,2.8436,6.3724,0.8171,1018,0.136280593,0.135323865,0.8220000000000001,3.2008,0.6175,1069,0.090707556,0.08873384599999999,0.0,2.9691,2.3614,1072,0.165028741,0.165240579,4.1673,6.4479,5.7594
39.0,0.129046333,0.122039653,1.0887,3.6102,1.5104,45,0.117806222,0.115989965,0.3065,0.3984,0.2682,48,0.092288889,0.053429549000000014,0.0,0.0008,0.0,99,0.112278815,0.110898414,0.4558,3.2067,3.2331,102,0.144760889,0.138447654,0.0003,11.8455,0.0003,1017,0.13157896300000002,0.12686724300000002,0.0535,4.2499,0.2212,1020,0.127069926,0.122731302,0.732,1.2706,0.5513,1071,0.17439911100000002,0.174928802,29.1199,15.6278,5.0642,1074,0.132187852,0.131430886,0.0112,4.2463,0.5024
41.0,0.13595437,0.132716712,0.9575,1.9198,2.1592,47,0.10009837,0.084811644,0.3464,0.1067,0.0,50,0.19409155600000005,0.189006004,0.271,0.0008,3.127,101,0.125789926,0.125354613,1.6798,2.7186,0.2395,104,0.149263111,0.14814707300000002,0.8352,3.3794,3.5136,1019,0.132652444,0.129548775,0.8045,4.0279,0.5468,1022,0.141609481,0.12574760599999998,0.1335,0.7288,0.9508,1073,0.156649185,0.155442631,1.4332,6.1232,3.4245,1076,0.087480889,0.08625105,0.1322,1.2768,0.2798
91.0,0.126027556,0.118446641,3.0863,6.2826,3.0838,109,0.086729481,0.084477544,0.0222,0.2412,1.1707,112,0.092369481,0.058840869,0.0,0.0,0.009000000000000001,163,0.15386163,0.15415056900000002,18.3224,22.3411,3.5188,166,0.213037037,0.214847237,25.6922,3.5281,0.0702,1081,0.162453037,0.162348555,0.6361,0.8628,0.1522,1084,0.06239437,0.055382196,0.0,1.2041,0.1463,1135,0.100502519,0.101018285,2.0234,1.3358,0.1321,1138,0.136872889,0.136581218,4.376,7.0575,4.0166
93.0,0.116157111,0.100996312,2.6385,3.5923,4.1864,111,0.06801748099999999,0.058363007,0.0,0.4473,0.6719,114,0.132662519,0.131616745,0.0031,5.2274,0.0962,165,0.262148148,0.264179585,21.4087,69.2157,0.0032,168,0.067977185,0.066671277,0.0711,0.1912,0.094,1083,0.101004444,0.086343644,0.0,1.2332,1.1446,1086,0.085777481,0.084500273,0.7207,1.6112,1.0022,1137,0.112608593,0.111855704,2.1369,6.5289,4.1232,1140,0.099061037,0.098019224,0.3162,2.0378,1.852
95.0,0.115551333,0.114104184,2.5553,2.6467,2.2639,113,0.12545777800000002,0.104527788,0.003,0.3344,0.0091,116,0.110649185,0.107346476,0.4985,2.3055,0.0864,167,0.141185778,0.140549213,22.7315,0.193,0.2242,170,0.154694519,0.153233586,0.7605,7.1534,0.1787,1085,0.08097451900000001,0.076698303,0.4506,3.6587,3.112,1088,0.103744593,0.101616731,5.4927,3.2867,1.1683,1139,0.125183704,0.124798153,3.0148,2.3852,2.5543,1142,0.082520593,0.080557469,0.6613,2.9566,3.8552
97.0,0.112716889,0.111496576,0.7929,1.8371,1.6035,115,0.13105096300000002,0.128242158,0.2392,3.2541,0.0865,118,0.11525363,0.114452703,2.1762,2.3058,3.301,169,0.104726222,0.103568259,0.2388,0.221,0.2328,172,0.112703407,0.10612831,1.983,1.3147,0.0,1087,0.096745481,0.09531765,1.3707,1.5379,1.8685,1090,0.129220444,0.109929927,1.4935,2.3148,4.1455,1141,0.08188563,0.08023882,2.5715,1.9325,1.0339,1144,0.130149333,0.129122193,2.3755,0.3303,0.0498
99.0,0.141602963,0.140375764,2.6131,4.066,11.2208,117,0.116869037,0.115229731,0.4824,3.2378,2.9205,120,0.191636444,0.190862363,0.0418,12.5721,27.7998,171,0.159387852,0.159001959,7.2987,6.9404,0.1522,174,0.053396741,0.051778195,1.3321,0.0051,0.34600000000000003,1089,0.128243852,0.126282792,6.6433,0.7523,3.5228,1092,0.136194667,0.134831225,0.0249,3.3985,0.6975,1143,0.10244237,0.100543558,2.4253,2.1546,3.6052,1146,0.244652741,0.244991237,8.4727,13.1457,37.8333
101.0,0.153319556,0.151981143,3.7945,7.1761,11.538,119,0.150193185,0.149735839,2.0389,2.7338,8.9699,122,0.218570963,0.219014528,22.9555,22.2115,4.0859,173,0.057586963,0.055714393,1.0706,0.0054,0.0,176,0.08120503700000001,0.07571123,1.7221,0.6081,0.8562,1091,0.16367377800000002,0.161830163,0.0556,6.3471,5.003,1094,0.08693777800000001,0.082260214,1.8495,1.2668,0.5962,1145,0.166311407,0.165537283,0.76,0.6821,2.7028,1148,0.302077333,0.30465224,8.2105,170.9893,36.0593
103.0,0.15446837,0.153381936,5.6185,21.7899,12.3695,121,0.224529778,0.224698928,16.1778,27.0852,12.9144,124,0.14726963,0.140211083,1.0762,20.7148,1.0762,175,0.075342222,0.071842435,1.823,0.0053,0.8581,178,0.114639111,0.112178719,2.6553,0.8059,0.907,1093,0.103282074,0.100975514,0.0226,1.2691,0.2806,1096,0.149807407,0.149827649,13.2143,8.2199,6.2268,1147,0.269960296,0.271412443,8.8978,73.1559,32.1687,1150,0.150916444,0.151163377,0.7176,10.6478,10.9305
105.0,0.127436667,0.126347748,3.878,10.7998,4.8862,123,0.17835792600000006,0.176919517,9.5278,18.3886,3.9993,126,0.165873185,0.166514726,6.2063,24.4499,7.5732,177,0.100861037,0.094543981,0.8432,0.7709,0.5415,180,0.045226667000000005,0.084406451,0.0027,0.0,0.0,1095,0.117806815,0.113300596,10.5335,1.8762,0.1398,1098,0.08165451900000001,0.08046857,2.3488,1.6319,0.0604,1149,0.221272593,0.223107923,0.7698,48.9803,16.5483,1152,0.108440593,0.107633551,0.25,0.4164,2.5093
107.0,0.112168259,0.106760206,3.1322,3.0947,3.3232,128,0.058054222,0.081205248,0.0,1.5176,1.7829,131,0.115545481,0.113826825,2.4208,0.0089,0.009000000000000001,182,0.17050607399999998,0.16990051,19.0864,28.7289,0.0145,185,0.10737363,0.106038291,10.1167,0.0763,0.16899999999999998,1100,0.087215407,0.07412537599999999,0.028,1.0696,0.0,1103,0.090893333,0.090596475,0.8285,2.5414,3.883,1154,0.111107259,0.110946782,0.3325,4.5291,1.9055,1157,0.156650667,0.156624968,2.2453,0.4336,3.9623
109.0,0.110790074,0.110074446,2.8272,1.9218,2.5379,130,0.117073778,0.115937342,2.4743,1.262,0.3505,133,0.08893037,0.06752287400000001,0.0742,1.1237,0.0,184,0.15588,0.155983416,11.2589,0.5772,0.0514,187,0.090335111,0.089188083,0.2379,0.2158,0.2138,1102,0.061736593,0.06244761,0.0,1.2304,3.1043,1105,0.12928563,0.130125388,7.1345,1.6082,4.4448,1156,0.17481659300000002,0.174413769,4.1342,5.9522,5.394,1159,0.06826251900000001,0.06607171099999999,0.0207,0.0949,0.7572
111.0,0.106380889,0.104919917,0.3003,1.2142,2.1538,132,0.08572296300000001,0.08271837,0.0029,0.0093,0.0089,135,0.155010963,0.15306676,2.2864,1.8347,3.8402,186,0.06739051900000001,0.066187482,0.0722,0.0935,0.175,189,0.083120296,0.080496225,1.1926,1.4163,0.7235,1104,0.103749037,0.103977374,1.1326,1.4303,0.9617,1107,0.111031111,0.109701297,5.6560000000000015,0.261,3.1278,1158,0.116218074,0.115154715,0.1576,0.0946,3.9336,1161,0.128804148,0.127668904,2.6841,3.5768,4.4363
113.0,0.11011237,0.108668249,1.0364,2.8792,1.923,134,0.118172741,0.052729551,0.109,0.9054,0.0,137,0.136129778,0.13469910699999998,2.3826,1.2227,2.6398,188,0.095079407,0.092790293,0.1882,3.1304,0.0786,191,0.041655111,0.029106208,0.7541,0.0272,0.0,1106,0.112957037,0.112644488,6.9322,6.0834,3.9069,1109,0.143119704,0.14167780800000002,0.7873,3.3853,0.9786,1160,0.103641185,0.102415368,0.075,0.9385,4.5881,1163,0.130144,0.12896880300000002,2.4315,1.1128,0.0147
115.0,0.144263963,0.143067891,8.4502,5.7245,8.8332,136,0.14154192599999998,0.140970197,3.2402,2.399,4.0712,139,0.230605333,0.231775036,18.0137,12.8468,5.5849,190,0.062484444000000014,0.034439153,0.753,0.4475,0.0,193,0.122524444,0.120867106,9.4497,0.0021,0.9587,1108,0.109292741,0.107891291,0.7664,0.2492,0.7101,1111,0.087608296,0.08526453699999999,0.0135,0.2378,0.2776,1162,0.135339556,0.134719261,2.6576,2.4265,0.0303,1165,0.264714963,0.26679505800000003,45.4443,68.8282,28.5575
117.0,0.155138889,0.151968673,9.0754,9.7311,11.0154,138,0.179409481,0.171867713,1.508,1.9261,2.1494,141,0.175307852,0.173357951,7.0775,19.6346,6.5728,192,0.052556444,0.049207284,0.3945,0.001,0.248,195,0.15446014800000002,0.149526467,2.4844,2.6524,0.5411,1110,0.135093333,0.133788842,0.4144,3.7382,0.6811,1113,0.138871111,0.13836032199999998,13.4344,0.2705,15.3755,1164,0.21725037,0.217726945,40.0085,4.6908,23.7477,1167,0.18816237,0.189101173,1.102,8.5226,1.5778
119.0,0.148946185,0.146717433,10.125,13.0446,10.5422,140,0.21170637,0.211493923,25.3139,20.6729,5.3147,143,0.205961778,0.205734508,7.9591,21.6677,15.5902,194,0.154256593,0.152174409,10.8728,2.7421,0.952,197,0.056483556,0.046143172,0.16699999999999998,0.0,0.6919,1112,0.097846815,0.095477423,1.7778,0.2093,1.578,1115,0.100569778,0.098903065,2.8917,3.5766,6.9091,1166,0.295929481,0.298621873,37.0485,156.9879,29.3051,1169,0.068815111,0.066252981,0.385,0.6358,0.2298
121.0,0.123357593,0.122725639,3.9242,5.0676,4.3864,145,0.11727437,0.11634489,6.7238,6.3803,1.4172,148,0.216263704,0.217118982,25.621,3.0205,39.3727,199,0.115942519,0.111068822,3.1866,1.0328,1.9151,202,0.08457185199999999,0.083403028,0.0806,0.4503,0.0507,1117,0.08998340699999999,0.089354349,0.8039,0.5364,0.0686,1120,0.080445333,0.079105859,0.9463,5.2037,3.5414,1171,0.090917926,0.08873698099999999,2.6307,1.6752,2.2762,1174,0.19146163,0.19111876,2.7417,2.7060000000000004,64.4709
123.0,0.122357815,0.121181165,4.372,3.0931,2.9781,147,0.260852148,0.261922395,21.184,55.7083,39.8004,150,0.047584593,0.037460495,0.0,0.1415,0.0109,201,0.065602963,0.037512334,0.0065,0.3342,0.0,204,0.124588444,0.123844222,4.1663,2.456,0.2837,1119,0.06900563,0.066480155,0.0,2.964,3.4625,1122,0.099177481,0.099212197,0.4112,2.6423,0.9321,1173,0.13221659300000002,0.131070362,2.744,2.1484,4.3015,1176,0.179834667,0.17913416,14.5417,15.1774,20.3498
125.0,0.130560111,0.128538166,3.4797,5.6533,4.6960000000000015,149,0.140918519,0.13877234900000002,22.5861,0.1412,21.6977,152,0.14131703699999998,0.131456637,0.7545,6.1814,0.0,203,0.113791111,0.113128172,0.0,13.5865,0.2126,206,0.047127407,0.035024612000000004,0.5225,0.0,0.0891,1121,0.098398519,0.0977448,2.3056,2.6884,2.0319,1124,0.117051259,0.117042424,7.5968,6.0493,5.1734,1175,0.189819852,0.190211854,0.0039,7.7756,66.0394,1178,0.196057185,0.196345228,1.8307,42.3255,18.0028
127.0,0.117344296,0.11520639,2.3717,2.1112,3.4982,151,0.085174222,0.075182762,0.1664,0.15,0.0,154,0.133126519,0.131859707,3.4772,1.3165,1.0876,205,0.088630222,0.08342083,2.9360000000000004,0.1693,0.2124,208,0.099897481,0.099165396,1.9966,0.7953,0.7168,1123,0.132556741,0.133179759,7.6667,3.5914,4.5749,1126,0.113958222,0.108323695,0.7766,0.2486,0.7427,1177,0.169424889,0.169342931,6.3034,17.7047,0.8548,1180,0.115986074,0.115536512,2.6296,2.5916,0.0589
129.0,0.134464778,0.13278183300000002,4.7901,3.9638,8.0057,153,0.17238251899999998,0.166691629,7.5577,7.4593,1.1842,156,0.116372741,0.107284,1.4956,0.0053,0.6762,207,0.046528,0.043242191,0.1249,0.0,0.7514,210,0.12672059300000002,0.125220256,7.4248,11.2066,0.3687,1125,0.107351407,0.103918593,6.3339,0.2461,4.1776,1128,0.171176296,0.16985012600000002,0.4131,9.5902,1.5709,1179,0.16998874100000005,0.170243119,4.3918,5.2861,17.9938,1182,0.165197926,0.165077112,36.2998,1.5042,10.0911
131.0,0.147344222,0.146275442,9.4529,7.1632,6.9992,155,0.098817185,0.097642578,2.0666,0.0053,0.1153,158,0.15593214800000002,0.152724151,21.3439,17.0347,1.0223,209,0.107756444,0.107960373,2.0376,2.0853,0.0,212,0.195979852,0.196964387,39.0295,30.5418,4.314,1127,0.14174163,0.138247239,0.7955,0.6883,1.2028,1130,0.196617481,0.196190718,0.0962,61.5696,3.2971,1181,0.091833778,0.127805941,3.0909,1.6217,0.0,1184,0.190075259,0.18880223,34.5034,3.9065,12.1238
1351.0,0.13542014800000002,0.132324324,1.6191,3.3673,1.4069999999999998,1945,0.153772741,0.154137134,0.9755,0.0,3.2956,1948,0.026172741,0.004326761,0.0,0.0,0.0,1999,0.16424740699999998,0.158735485,1.181,7.1878,0.6894,2002,0.160908148,0.159238202,1.0607,2.4745,0.821,2917,0.106385185,0.105503328,0.2942,0.2573,0.6148,2920,0.107694815,0.099437804,0.125,0.1911,0.6054,2971,0.190979852,0.190274553,6.7862,6.2018,0.5749,2974,0.173200296,0.17247119800000002,7.6262,8.357999999999999,6.5851
1353.0,0.126142926,0.122577385,0.8408,2.725,0.4708,1947,0.089180444,0.07290833,0.4844,0.0,0.0,1950,0.090958815,0.087045321,0.2275,0.318,0.0128,2001,0.145703111,0.142672046,1.0726,2.7554,3.3596,2004,0.113465185,0.111041391,0.0428,0.2819,3.4438,2919,0.143787259,0.141999144,0.1278,0.8079999999999999,0.3369,2922,0.061778074,0.044273153,0.0,0.1216,0.0,2973,0.197274963,0.195910808,4.4264,14.666,6.5438,2976,0.166995556,0.166535999,1.82,7.2289,2.0392
1355.0,0.098505074,0.08861765699999999,0.5295,0.222,0.1098,1949,0.050568296,0.046590130999999986,0.0832,0.0094,0.0,1952,0.063736889,0.05437665,0.047,0.0,0.0899,2003,0.155206222,0.15479100199999998,0.9998,1.8929,3.6606,2006,0.13809659300000002,0.13360970000000005,0.1761,0.3093,0.0962,2921,0.068860444,0.056237488,0.0043,0.1385,0.0176,2924,0.053435259000000006,0.036598038,0.0,0.0172,0.0,2975,0.17409866699999998,0.173533734,8.0901,16.2069,4.4992,2978,0.084038222,0.06447578,0.0118,0.0,0.0
1357.0,0.098068407,0.090143426,0.0051,0.1879,0.4653,1951,0.097550222,0.091681963,0.245,0.0,0.1284,1954,0.044473778,0.038472423,0.0052,0.0,0.0,2005,0.08858429599999999,0.085358475,0.0916,0.2492,0.2068,2008,0.152748148,0.149183858,0.0763,6.0878,0.0078,2923,0.054153481,0.036692536,0.0,0.0556,0.0,2926,0.116243259,0.112985978,0.4788,0.2774,1.8116,2977,0.11986963,0.111022581,0.0117,0.0,0.0,2980,0.110924444,0.098205307,0.0,0.0187,1.3989
1359.0,0.099750889,0.093149241,0.1525,0.7111,0.8762,1953,0.024217481000000003,0.003647107,0.0,0.0,0.0,1956,0.09126637,0.089264778,0.0744,2.1292,0.4018,2007,0.169280889,0.158766835,0.1848,4.187,0.0927,2010,0.121568593,0.118276265,0.5301,1.7993,0.2485,2925,0.099367704,0.08905294300000001,0.3173,0.0174,0.6237,2928,0.089835259,0.087847317,0.3074,1.5054,1.9582,2979,0.051592,0.01108515,0.0,0.0425,0.0,2982,0.150878815,0.147892916,1.3252,1.5955,2.4643
1361.0,0.118437333,0.116000726,0.66,2.3298,1.227,1955,0.067664,0.059611515,0.0052,0.0684,0.0,1958,0.119176296,0.113488695,3.7118,4.4964,1.0487,2009,0.114272296,0.111227811,0.2737,2.2723,0.1164,2012,0.12974696300000002,0.12848176,0.2702,5.9003,0.7681,2927,0.126764444,0.124662677,0.7020000000000001,1.5355,1.9157,2930,0.101110519,0.099826318,0.0335,0.0333,1.8103,2981,0.139734519,0.133241339,1.1427,0.0869,2.3648,2984,0.14902963,0.148364283,0.7018,2.0389,1.6418
1363.0,0.13314937,0.132147805,1.1411,3.6712,3.8456,1957,0.107704,0.102314377,2.9687,2.2418,1.3345,1960,0.240267556,0.239370657,0.3721,68.8763,35.6884,2011,0.146607407,0.146394841,0.4828,3.4116,0.2189,2014,0.095949037,0.094735327,0.6961,4.02,4.7117,2929,0.073535111,0.071799777,0.1531,0.0331,1.4959,2932,0.111328593,0.111147645,1.6333,1.092,3.5637,2983,0.14004503699999998,0.139204529,0.6963,1.7332,0.7881,2986,0.149758222,0.148803181,4.7443,13.8935,7.284
1365.0,0.147465704,0.146569179,2.8181,13.6871,9.5444,1959,0.160828444,0.155797556,5.1697,16.0693,1.3829,1962,0.231603259,0.232407632,0.5968,57.7808,50.3195,2013,0.094439407,0.092629401,0.0,5.2591,0.6829,2016,0.146920889,0.146745287,0.9227,21.8135,19.3443,2931,0.12046963,0.120383423,1.6481,0.2336,4.0413,2934,0.111270815,0.109059521,3.3154,0.9827,2.3112,2985,0.155379259,0.155337385,0.0,18.3604,6.4018,2988,0.158813926,0.157159035,1.1866,30.468000000000004,1.3568
1367.0,0.156049852,0.153229525,1.5437,4.07,2.6946,1964,0.220054222,0.217887053,2.107,0.2565,20.5126,1967,0.078102815,0.07585376,0.1342,0.0437,0.0851,2018,0.121028148,0.085359147,0.9468,1.7434,0.6586,2021,0.177193481,0.175440476,0.9853,2.7789,5.1908,2936,0.217352593,0.214415057,0.0327,9.5303,3.2032,2939,0.054216593,0.043686239,0.0053,0.0,0.0176,2990,0.117899852,0.110228758,0.4387,5.5295,3.6899,2993,0.262551111,0.26413144,5.7216,27.3978,13.8114
1369.0,0.120594185,0.115636188,0.6495,0.6817,1.6122,1966,0.039301926,0.021012797000000003,0.035,0.1157,0.0,1969,0.123421333,0.119993789,0.2377,0.1044,0.4552,2020,0.193921778,0.191050462,1.1165,3.0768,4.7679,2023,0.08412414800000001,0.081798587,0.1884,0.197,0.3052,2938,0.118836444,0.110695535,0.1256,0.0,2.7819,2941,0.026225481,0.002195094,0.0,0.0,0.0,2992,0.237221037,0.237648655,6.1855,6.3928,10.7244,2995,0.141701333,0.141256824,0.2403,0.8674,2.6288
1371.0,0.113315037,0.094480202,0.5406,0.6066,0.2414,1968,0.12653837,0.124027843,0.2672,0.3648,0.4863,1971,0.047445926,0.01197721,0.0,0.0,0.0,2022,0.107559704,0.105703072,0.0425,0.2081,4.7196,2025,0.204007704,0.202600642,14.05,4.4378,0.3621,2940,0.034638815,0.010264803,0.0,0.0,0.0,2943,0.101416593,0.089215178,0.3653,0.1188,0.6223,2994,0.237038519,0.23914561,4.476,5.487,15.6222,2997,0.047874667,0.036705971,0.0291,0.7422,0.0
1373.0,0.109957148,0.103426154,0.6176,0.4859,0.9303,1970,0.08507229599999999,0.075388775,0.0475,0.0363,0.0956,1973,0.076110815,0.069944761,0.0052,0.2032,0.005,2024,0.16604237,0.164518413,9.3224,0.2272,0.3539,2027,0.106991407,0.105969657,0.3411,2.2934,0.1199,2942,0.040317926,0.002145796,0.0,0.0,0.0,2945,0.134119704,0.132888654,0.453,0.4143,3.5023,2996,0.08880503699999999,0.083174398,0.0118,0.5698,0.8445,2999,0.18219763,0.181114799,5.2247,1.9496,4.4862
1375.0,0.121124037,0.118099144,1.1265,1.5505,1.1894,1972,0.06446311099999999,0.051580467000000005,0.0052,0.0769,0.0049,1975,0.100673185,0.083927242,2.9594,2.1208,0.1699,2026,0.169274667,0.166334465,6.6869,6.479,0.2052,2029,0.145127111,0.145344621,0.5589,3.7715,0.6924,2944,0.141035852,0.137713172,0.5368,0.275,3.4239,2947,0.06955022200000001,0.06764010000000001,0.1347,0.1354,0.1446,2998,0.107166815,0.10470805,0.5489,0.8143,1.3992,3001,0.171701333,0.171671777,4.813,10.8016,12.0492
1377.0,0.130615333,0.128886355,1.2277,5.9498,2.6424,1974,0.08380711099999999,0.081347821,0.0052,2.3273,0.2082,1977,0.158174222,0.157764759,5.0015,12.9379,0.0195,2028,0.121215407,0.11869277,0.5174,1.8608,0.5268,2031,0.11092237,0.109477818,0.0,7.346,5.6097,2946,0.096146963,0.093288307,0.0489,0.3811,1.8348,2949,0.132355556,0.132636735,1.6351,0.85,4.7043,3000,0.195146074,0.193831642,5.2824,12.0322,6.2305,3003,0.147154963,0.146846055,0.0,18.0937,11.0824
1379.0,0.140907889,0.13980076,1.8189,7.4811,8.9226,1976,0.119293333,0.099777278,3.7066,2.9789,0.1651,1979,0.228472,0.23006087100000006,17.0189,12.2998,35.6116,2030,0.120047704,0.119166377,0.1311,6.0982,0.5492,2033,0.167124444,0.16630983300000002,0.9067,23.9096,22.8293,2948,0.109139259,0.108293129,0.1545,0.2202,0.9074,2951,0.118223704,0.117517151,2.6229,6.7881,2.6036,3002,0.149454222,0.14786828400000002,0.1237,10.6157,11.4944,3005,0.115508444,0.115639519,0.3158,9.9849,2.1376
1381.0,0.159107111,0.158042931,2.2684,5.1857,7.4347,1981,0.244110519,0.244720285,2.2217,9.1053,9.8237,1984,0.101989037,0.099849159,1.0525,2.4167,0.0,2035,0.074667852,0.06711196700000001,1.7116,0.271,0.607,2038,0.155068741,0.152355791,1.3664,2.7525,2.3706,2953,0.204099259,0.204265543,9.9859,10.0898,6.3331,2956,0.117762074,0.11585001,0.0311,5.5644,11.1673,3007,0.133059259,0.131968312,0.201,15.4752,7.7465,3010,0.242100148,0.242641118,0.7836,12.0287,14.7294
1383.0,0.14678663,0.145462124,1.9506,3.3109,4.2469,1983,0.153558519,0.151138745,1.594,2.9366,0.8348,1986,0.118782815,0.114004848,0.0661,0.6037,1.462,2037,0.116732741,0.114083222,0.8204,1.3801,1.8958,2040,0.12770163,0.127923061,3.7981,2.6757,2.4577,2955,0.210023407,0.210162674,1.1487,13.0797,19.9221,2958,0.078567407,0.07697407,0.0,4.0705,0.0,3009,0.170973333,0.169088773,1.022,1.0513,6.9206,3012,0.197953185,0.199005486,3.8564,2.6136,2.1221
1385.0,0.127834074,0.122763188,2.0139,1.5897,0.7228,1985,0.122719704,0.121384378,1.0144,0.7715,1.3194,1988,0.07876414799999999,0.064202589,0.0,0.0982,0.0718,2039,0.155186074,0.15374862,2.919,5.0099,2.1687,2042,0.187981333,0.188544713,9.6986,1.4279,5.2129,2957,0.07684207400000001,0.075174588,0.0,4.3474,0.2196,2960,0.058176889,0.032845014,0.0,0.0,0.0,3011,0.252631704,0.254677221,3.9316,22.6989,11.5768,3014,0.090370667,0.088929559,0.0664,1.0916,0.7704
1387.0,0.113798,0.109183536,0.6706,1.4794,0.8065,1987,0.098623111,0.093451327,0.0434,0.1321,0.5341,1990,0.082616,0.07566902,0.0051,0.0805,0.0078,2041,0.120096,0.118336725,0.1653,1.4274,2.1024,2044,0.15182222199999998,0.150974158,6.95,6.4617,0.0011,2959,0.065129778,0.053146952,0.0,0.0,0.0,2962,0.135028148,0.132069079,0.3553,0.2044,2.4883,3013,0.114144,0.113022926,0.2263,1.4233,1.6034,3016,0.142924741,0.142058485,1.1137,4.5533,4.5414
1389.0,0.122431037,0.117934402,1.6135,2.6866,1.3998,1989,0.068613037,0.041109842,0.0,0.006999999999999999,0.0,1992,0.110216889,0.103515636,0.3004,1.2285,0.255,2043,0.203989926,0.204836559,14.5504,6.6854,4.997,2046,0.090192593,0.086384175,0.0041,0.8053,0.5416,2961,0.084298074,0.075189703,0.3106,0.1164,0.0183,2964,0.113873481,0.111142718,0.3514,0.848,2.7761,3015,0.097994963,0.095538219,0.1835,2.9287,0.0,3018,0.210269333,0.210782953,7.4568,19.4845,29.8065
1391.0,0.122831259,0.117578177,0.3197,5.7901,1.8011,1991,0.084338074,0.078742985,0.005,0.1971,0.121,1994,0.12178637,0.120572641,0.2166,1.3075,0.1518,2045,0.099360296,0.096423068,0.004,1.9884,0.1292,2048,0.056750815,0.052876672,0.0,0.4485,0.3673,2963,0.136439111,0.135712379,0.3145,1.0418,2.9843,2966,0.108098667,0.10706164,0.1353,1.2814,0.9368,3017,0.218003556,0.218141211,7.5091,29.6714,23.1309,3020,0.157873185,0.15652644,0.2437,12.5768,12.8274
1441.0,0.117928037,0.116475971,1.0361,2.7033,2.6632,2053,0.060397037,0.058050181,1.706,0.0226,1.4708,2056,0.115237333,0.112283965,1.0402,2.1416,2.1542,2107,0.185241481,0.186155407,9.352,4.4566,14.3894,2110,0.148064889,0.147986965,5.957999999999998,3.702,4.8391,3025,0.143442667,0.142574638,1.5423,0.7249,18.3922,3028,0.180877333,0.179393916,0.265,11.602,2.134,3079,0.012346074,0.004261911,0.0,0.0,0.0,3082,0.097817481,0.097303663,0.1911,0.3193,0.0856
1443.0,0.120018148,0.118996566,1.249,3.3473,2.3859,2055,0.101474963,0.098983791,0.5589,1.3428,2.5098,2058,0.115590815,0.115477171,0.092,2.4966,1.5016,2109,0.222008296,0.224049538,11.2522,54.4204,15.285,2112,0.12098637,0.120993625,0.1358,5.1436,11.5605,3027,0.126376296,0.124326786,0.0003,0.728,2.1556,3030,0.118802074,0.11541783,3.8115,2.0927,1.3032,3081,0.06856888900000001,0.067562957,0.1744,0.0,0.0877,3084,0.086337481,0.08595210699999999,0.2933,3.1465,1.1426
1445.0,0.116484519,0.115500542,1.8026,2.7906,1.9787,2057,0.120954963,0.119163018,1.4608,3.1107,1.9627,2060,0.145909333,0.14506919,4.1139,2.1198,1.8515,2111,0.116367111,0.11585001,0.6349,4.505,6.965,2114,0.082403556,0.079890165,0.0322,0.4463,0.0437,3029,0.173933333,0.17355724600000005,3.8595,8.3958,3.1749,3032,0.073436444,0.072087188,0.0577,1.1204,0.6404,3083,0.102040296,0.101535669,0.1441,0.5185,0.5409,3086,0.116831111,0.117232763,3.2104,4.3756,2.425
1447.0,0.116606407,0.115692996,1.7539,2.9841,2.255,2059,0.118574519,0.117402948,0.7857,1.6476,1.0436,2062,0.091520296,0.089119449,2.3627,0.6679,0.0004,2113,0.103294815,0.103535789,0.1224,0.7851,7.8985,2116,0.165070222,0.16557535,4.8644,2.9639,1.9064,3031,0.058908148,0.057089868,0.1916,1.319,0.138,3034,0.147870815,0.147127084,0.999,6.6165,5.6558,3085,0.092093333,0.092089064,1.5793,3.3483,0.9744,3088,0.155519111,0.155645286,1.2206,1.2638,1.2612
1449.0,0.14783933300000002,0.147130328,7.9085,4.6892,8.8907,2061,0.136829333,0.135799711,4.1965,3.8349,1.5531,2064,0.113686222,0.111763557,15.9104,0.1216,0.6062,2115,0.130594667,0.128566853,1.1356,0.4502,1.8623,2118,0.105954074,0.105195316,2.5243,1.3123,2.8018,3033,0.117571852,0.117757873,0.1879,3.3311,1.1922,3036,0.214829333,0.214914416,3.6998,25.8387,49.2689,3087,0.131198815,0.131766777,3.3575,1.2471,3.0079,3090,0.23205037,0.23194634100000006,24.0089,22.1442,24.7394
1451.0,0.14428759300000002,0.142939034,8.1531,8.6712,9.8293,2063,0.112934519,0.107342781,15.5098,0.6535,0.1451,2066,0.045102519,0.045163833,0.0,0.0202,0.2333,2117,0.161599407,0.161565929,4.8742,1.7744,3.5609,2120,0.138508444,0.137901271,0.5655,0.7623,1.5984,3035,0.206519111,0.206152133,2.6164,28.745,23.9226,3038,0.200291259,0.200281873,0.0092,22.3094,16.1888,3089,0.17554755600000002,0.175134815,38.183,4.553,0.3832,3092,0.113797926,0.11159035,1.7087,0.7324,17.3267
1453.0,0.147976185,0.147225931,7.1713,10.2043,15.0837,2065,0.103378667,0.100944388,15.0499,0.0196,0.5829,2068,0.151736889,0.155107172,0.0,8.1017,22.873,2119,0.090775111,0.08991092099999999,0.2845,1.6345,1.485,2122,0.16921629600000002,0.16872377100000002,0.4348,15.9634,30.0168,3037,0.213766815,0.214183292,12.2897,24.0443,43.2221,3040,0.173667259,0.17621574399999998,0.0,26.3736,9.1453,3091,0.182049185,0.18070949,1.4482,1.6084,26.8139,3094,0.099219259,0.097297729,1.2744,0.4767,0.7736
1455.0,0.133587333,0.131983756,2.8119,12.1666,9.2103,2067,0.104229333,0.105134192,0.0,0.079,13.2494,2070,0.094133333,0.08961141800000001,0.0,6.3262,3.6943,2121,0.16919792600000005,0.166858455,0.4218,0.9221,29.7092,2124,0.111699259,0.108358516,4.188,4.4172,6.1251,3039,0.191725333,0.194779235,0.0,31.4576,8.8136,3042,0.143894222,0.142111108,2.3334,2.7626,5.2748,3093,0.064328,0.056785774,0.006,0.2704,0.339,3096,0.189491259,0.187385889,2.126,10.6488,2.5568
1457.0,0.114180852,0.113392149,2.1902,3.7448,4.3052,2072,0.147496889,0.147613006,5.9474,0.0396,9.2264,2075,0.121823111,0.121695638,0.1896,2.1925,3.5749,2126,0.130517037,0.129986553,0.0,17.3459,11.6092,2129,0.11366963,0.112226863,1.9412,6.1037,7.5417,3044,0.08390399999999999,0.07541195099999999,1.1429,0.2693,0.0,3047,0.119160296,0.118399425,0.0421,0.0422,1.7349,3098,0.093505481,0.084928534,6.0377,0.5948,0.0,3101,0.10337037,0.103698921,0.2128,0.3003,1.149
1459.0,0.107465074,0.106608489,0.9528,2.6735,2.24,2074,0.128309333,0.155077351,0.0,3.0199,6.317,2077,0.116427852,0.114473976,0.7278,3.4209,1.1319,2128,0.100824889,0.09919809,4.375,4.2274,5.6966,2131,0.125023111,0.125750965,3.6771,2.9654,7.9492,3046,0.129760296,0.128129075,0.0388,0.0687,1.1822,3049,0.048760889,0.046876982000000005,0.3918,1.2256,0.133,3100,0.089792296,0.082064837,0.0,0.2707,0.0897,3103,0.120821926,0.121261218,1.1571,7.6976,4.5235
1461.0,0.127202407,0.126083246,1.3028,5.1002,2.5419,2076,0.117956444,0.117338009,0.2259,1.587,0.2206,2079,0.090704593,0.088729479,0.4295,4.482,1.0184,2130,0.138545481,0.13880705699999998,4.1271,10.7477,12.0122,2133,0.213978667,0.21539586,1.0743,3.3923,4.2602,3048,0.072744593,0.062341303,0.0225,1.2288,1.014,3051,0.150205926,0.15061923300000002,7.7108,2.9527,6.3063,3102,0.106577481,0.107407496,0.0481,7.9802,2.7223,3105,0.126906074,0.126018558,3.4751,9.4084,3.0211
1463.0,0.139317481,0.138780994,3.6364,4.6281,2.6241,2078,0.100130074,0.09800075,0.92,2.5026,0.0996,2081,0.125413037,0.125192266,17.2173,0.7644,2.4343,2132,0.136129778,0.13607962,0.0,2.8633,2.9294,2135,0.197518815,0.19849717100000006,4.9661,1.0876,11.8062,3050,0.112867556,0.111856599,5.2748,1.4169,2.455,3053,0.112859852,0.144290782,0.0,5.2365,1.4219,3104,0.10122637,0.100380763,0.0555,6.2894,2.4381,3107,0.22839437,0.230069829,43.3034,28.6324,24.1239
1465.0,0.148906704,0.147691476,7.3456,5.9346,8.0498,2080,0.067089185,0.064663319,0.1109,0.7759999999999999,0.0004,2083,0.131952593,0.128721363,17.3929,2.7481,4.4793,2134,0.25026637,0.25282758,4.9918,35.6814,8.0151,2137,0.058978667,0.058200996,0.4166,0.4708,0.5157,3052,0.14449777800000002,0.14349274,5.5804,2.9586,6.0727,3055,0.18940355600000006,0.189862527,19.7907,27.3291,17.8451,3106,0.157041185,0.156686548,0.013,10.4029,19.1262,3109,0.192024296,0.190836611,0.4551,0.2192,21.104
1467.0,0.151387852,0.150846377,8.3767,7.9235,12.7241,2082,0.128589037,0.128593724,17.7977,0.7267,4.79,2085,0.146381926,0.145272964,7.1107,3.6598,11.3159,2136,0.094164444,0.093549631,2.7047,0.6942,0.6362,2139,0.140479407,0.138950371,2.1553,1.6191,24.9823,3054,0.147806222,0.146688186,11.2399,4.2789,15.5077,3057,0.187769185,0.188644361,4.5997,32.8098,1.6822,3108,0.264200889,0.266639428,25.8687,23.4837,44.1899,3111,0.101711704,0.086739436,1.2051,0.0,2.3533
1469.0,0.143387519,0.142404211,3.1127,10.234,11.3971,2084,0.092036148,0.090369412,0.1901,2.294,3.6899,2087,0.151142519,0.151247349,6.1909,13.7435,17.1048,2138,0.094938074,0.094169462,0.7175,0.8413,0.8499,2141,0.166359111,0.16212462800000002,3.4341,3.0224,12.0198,3056,0.215599111,0.216504301,4.3184,26.823,16.6709,3059,0.150475852,0.149358521,0.3899,38.9523,4.414,3110,0.102811852,0.09421783,0.4504,0.0,11.4777,3113,0.17373748100000005,0.173009743,3.5210000000000004,2.1202,4.1751
1471.0,0.132862444,0.13236519800000002,3.6978,4.3806,5.8279999999999985,2089,0.161082963,0.16212462800000002,9.1477,4.0907,7.0451,2092,0.146243556,0.14676768,0.3642,0.3844,7.8053,2143,0.156142815,0.155695669,4.7199,4.6898,21.5616,2146,0.147140444,0.145954823,4.2074,17.9954,10.5656,3061,0.073095407,0.07243853,1.3118,0.1944,0.0,3064,0.093872296,0.093362651,0.1905,0.2697,0.0885,3115,0.142760889,0.143491621,4.3789,0.564,0.0,3118,0.142561185,0.142898213,1.0525,20.3703,1.3094
1473.0,0.13385403699999998,0.133424868,1.9584,8.8014,5.6855,2091,0.221869926,0.224431334,5.0114,57.9805,15.7375,2094,0.109757037,0.109828264,0.1357,1.0219,0.9368,2145,0.170796741,0.169787427,23.8978,25.2447,14.9975,2148,0.14743377800000002,0.147457377,7.1142,9.0862,13.0672,3063,0.070041185,0.06941047,0.173,0.0778,0.0877,3066,0.064366222,0.06361948099999999,0.2938,1.6015,0.9233,3117,0.192392296,0.192650424,3.636,44.73,3.4512,3120,0.094175111,0.094871923,0.0689,5.7656,0.0026
1475.0,0.12571637,0.124941275,2.633,5.553,3.1195,2093,0.110343704,0.110718376,0.3135,0.388,1.4224,2096,0.086573926,0.08610213800000001,0.0508,2.2605,0.0432,2147,0.17477807399999998,0.174059963,8.4211,19.4071,12.8127,2150,0.16510340699999998,0.163885817,3.8887,2.9796,9.471,3065,0.090658667,0.090324515,0.1406,0.4362,0.4719,3068,0.122886815,0.123550877,3.8584,4.2346,3.7762,3119,0.12614637,0.127221049,0.1465,17.6433,10.4291,3122,0.12924000000000002,0.12989922199999998,26.3857,6.3845,2.818
1477.0,0.134941778,0.134619352,5.447,5.1974,3.6149,2095,0.109806815,0.110408796,0.1411,2.9328,2.0012,2098,0.08974577800000001,0.088548994,0.3038,2.2455,1.7853,2149,0.114209185,0.114365371,4.5303,2.8665,8.7632,2152,0.282654222,0.284383443,10.9546,13.8859,77.5159,3067,0.065811259,0.06495073,1.575,1.707,0.1355,3070,0.120427259,0.114731493,0.1337,0.6712,1.263,3121,0.102479704,0.102783953,1.2235,5.5234,0.9192,3124,0.1944,0.195000543,3.0884,38.0376,33.728
1479.0,0.155604926,0.155244117,8.9786,9.2155,8.5164,2097,0.087833778,0.08719065,0.0765,4.4663,1.7677,2100,0.130186074,0.129895863,13.3661,1.5762,3.1164,2151,0.26531792600000004,0.266605839,9.2484,5.2081,75.7141,2154,0.071588148,0.07010912400000001,1.7806,0.5293,0.08800000000000001,3069,0.126930963,0.127905147,3.2792,0.7703,5.914,3072,0.172645926,0.172099478,12.8398,9.5926,15.7745,3123,0.173772444,0.174927682,31.4311,27.6747,17.2257,3126,0.216564148,0.217485103,21.1958,21.6336,9.0619
1481.0,0.138441,0.137524576,6.7469,5.8811,6.3865,2099,0.139321778,0.13902426699999998,13.1098,1.9957,2.2359,2102,0.115118222,0.114069787,0.1898,1.0272,1.7538,2153,0.185351407,0.184961873,3.5937,0.9574,35.9163,2156,0.079413926,0.078241163,0.7163,0.7803,0.4077,3071,0.102896,0.072432596,0.0944,0.7095,0.3415,3074,0.18822311100000005,0.187244814,4.0826,19.1399,17.3793,3125,0.207364148,0.208138369,32.3685,33.6412,6.6649,3128,0.089839407,0.083800051,0.4498,0.0,4.8495
