index,case-name,Porosity,Eff. Porosity,K(x)[D],K(y)[D],K(z)[D],M. time[s],S. Time[s]
0,1.0,0.165296889,0.165386132,3.7,7.8839999999999995,10.6643,159.0,41.0
2,3.0,0.08272355599999999,0.082273762,1.2286,1.0239,1.8307,90.0,25.0
3,4.0,0.078402074,0.075734967,0.0218,1.0629,1.0502,107.0,25.0
4,5.0,0.083529185,0.08106265,0.4509,2.9387,0.2535,103.0,25.0
5,6.0,0.089185481,0.08430971,0.4885,0.6416,0.0553,146.0,30.0
6,7.0,0.089725926,0.08633144,0.2144,0.2295,0.1279,223.0,42.0
7,8.0,0.08355792599999999,0.062373885,0.0961,0.109,0.0,116.0,13.0
8,9.0,0.08437096300000001,0.075621995,0.08199999999999999,0.0878,0.0933,251.0,47.0
9,10.0,0.11109837,0.099538236,0.2324,0.1867,0.1696,319.0,54.0
10,11.0,0.128028741,0.095132014,0.2364,0.0903,0.099,204.0,15.0
11,12.0,0.146391407,0.131040132,0.0656,0.0731,0.1296,457.0,78.0
12,13.0,0.116591111,0.102780034,0.1747,0.1289,0.0922,356.0,60.0
13,14.0,0.12242370400000001,0.104715216,0.1862,1.0407,0.0924,115.0,13.0
14,15.0,0.126558519,0.081186146,0.0,2.2347,0.0,66.0,10.0
15,16.0,0.11282340699999999,0.08595591300000001,0.0,3.7516,0.0,58.0,10.0
17,18.0,0.11136711099999999,0.12199403800000001,0.9955,2.5298,0.0,88.0,26.0
19,20.0,0.086657185,0.085909896,0.0421,0.1916,0.5155,87.0,26.0
21,22.0,0.12785837,0.128316054,0.2977,0.3662,1.2402,163.0,41.0
22,23.0,0.15424859300000002,0.154775327,0.6591,7.5464,1.5386,194.0,44.0
23,24.0,0.147906963,0.14599401,0.5382,18.9676,0.5764,173.0,42.0
24,25.0,0.133125926,0.128711286,0.1737,18.3057,0.1671,146.0,38.0
25,26.0,0.11405807400000001,0.080149585,0.0668,2.2331,0.0,166.0,23.0
26,27.0,0.118285037,0.11411793099999999,0.2825,0.4086,0.1861,286.0,51.0
27,28.0,0.13685303699999998,0.131307725,0.4706,0.5772,1.7083,358.0,66.0
28,29.0,0.134354074,0.114017164,0.3202,0.107,1.7186,189.0,17.0
29,30.0,0.125101926,0.10854135300000001,0.0347,0.0734,1.1957,360.0,66.0
30,31.0,0.10534133300000001,0.09576304199999999,0.0,0.1048,0.0931,242.0,51.0
31,32.0,0.128927704,0.110875125,0.0059,0.2931,0.1017,97.0,12.0
32,33.0,0.162921185,0.154066597,4.2063,23.9058,0.0,151.0,34.0
34,35.0,0.135453333,0.129685371,2.8291,2.5617,0.0,113.0,27.0
36,37.0,0.08677333300000001,0.07225838,0.1438,0.4109,0.4496,126.0,29.0
38,39.0,0.104893037,0.10250785,0.2043,0.755,0.8557,116.0,28.0
39,40.0,0.145858963,0.14605111199999998,0.3511,1.4361,3.0466,149.0,37.0
40,41.0,0.168026963,0.168916349,0.2335,6.9443,9.4215,139.0,39.0
41,42.0,0.162001185,0.160334327,0.07200000000000001,29.7687,1.601,138.0,33.0
42,43.0,0.152073185,0.147038632,0.0,36.5964,0.381,107.0,29.0
43,44.0,0.118392296,0.11482778099999999,0.0677,2.5518,0.0024,116.0,30.0
44,45.0,0.11780622199999999,0.115989965,0.3065,0.3984,0.2682,169.0,37.0
45,46.0,0.11143763,0.101977254,0.5322,0.4914,0.1559,127.0,15.0
46,47.0,0.10009837,0.084811644,0.3464,0.1067,0.0,112.0,15.0
47,48.0,0.092288889,0.05342954900000001,0.0,0.0008,0.0,83.0,10.0
49,50.0,0.19409155600000003,0.18900600399999998,0.271,0.0008,3.127,163.0,41.0
54,55.0,0.09794163,0.096940341,0.2816,0.1759,0.532,94.0,29.0
56,57.0,0.14348296300000002,0.142779531,0.7643,2.3462,0.904,141.0,49.0
57,58.0,0.135694519,0.134720381,0.4686,1.646,2.242,135.0,35.0
58,59.0,0.13949837,0.13697533,0.0372,3.9163,1.7982,113.0,38.0
59,60.0,0.142830815,0.12635780800000002,0.0,19.9879,0.5665,107.0,28.0
60,61.0,0.161691259,0.140009548,0.0,35.0396,5.5617,96.0,27.0
61,62.0,0.128720593,0.126472011,0.0555,2.5047,6.1610000000000005,97.0,28.0
62,63.0,0.106082074,0.10386697800000001,0.1455,0.3443,5.8637,111.0,29.0
63,64.0,0.07498548099999999,0.070782922,0.08900000000000001,0.2192,0.1447,144.0,30.0
64,65.0,0.061209778,0.034797773,0.0293,0.0,0.0,58.0,10.0
65,66.0,0.065096593,0.020180794,0.0,0.0,0.0,48.0,7.0
66,67.0,0.140157926,0.12954317699999998,6.1416,0.0,6.2374,75.0,11.0
67,68.0,0.19681511100000001,0.19656579600000001,9.5209,0.0,21.4874,143.0,34.0
68,69.0,0.195384,0.19521999199999998,9.0438,1.0406,22.5893,124.0,39.0
69,70.0,0.095591704,0.09312293699999999,0.4181,0.4539,7.1101,74.0,20.0
71,72.0,0.141512,0.14239101699999998,10.4043,0.818,34.4707,74.0,24.0
73,74.0,0.13438044400000002,0.133532445,0.3424,1.2002,1.5457,119.0,33.0
75,76.0,0.105688,0.104725964,0.3224,0.8459,1.88,90.0,25.0
76,77.0,0.11945629599999999,0.105655711,0.0,1.7558,1.7318,84.0,25.0
77,78.0,0.130085037,0.092045062,0.0,3.3917,0.6059,52.0,12.0
78,79.0,0.147704889,0.143505056,0.1212,5.2668,3.2782,113.0,33.0
79,80.0,0.116219556,0.112822511,0.1788,1.2284,4.3661,91.0,27.0
80,81.0,0.09283851900000001,0.089423095,0.1781,0.2535,4.3253,80.0,23.0
81,82.0,0.080902222,0.071650305,0.5058,0.2527,0.2125,76.0,21.0
82,83.0,0.08967674099999999,0.081256235,0.4675,0.1023,0.0743,80.0,21.0
83,84.0,0.09636592599999999,0.07320301900000001,0.0003,0.0027,0.0003,94.0,23.0
84,85.0,0.13414577800000002,0.124549594,5.5628,0.0037,1.6981,73.0,14.0
85,86.0,0.17353688899999997,0.17252718,8.1641,0.0258,7.8487,140.0,35.0
86,87.0,0.166327704,0.166087025,7.4859,3.0955,7.8321,135.0,34.0
87,89.0,0.058569777999999996,0.056193262,0.3755,0.8564,0.1286,50.0,14.0
89,91.0,0.118404741,0.117120799,0.0151,0.2734,1.4031,97.0,26.0
91,93.0,0.10481866699999999,0.104079485,0.3613,0.6039,0.8165,76.0,22.0
92,94.0,0.099287111,0.09872739400000001,0.3085,0.55,1.232,90.0,23.0
93,95.0,0.12457866699999999,0.12186358300000001,0.0029,9.0806,2.9062,95.0,27.0
94,96.0,0.14308148099999998,0.140975795,0.0029,5.2159,0.6333,109.0,30.0
95,97.0,0.15090577800000002,0.147403634,0.2104,3.2591,2.2177,131.0,32.0
96,98.0,0.127642074,0.125313186,0.4662,2.2985,3.483,121.0,30.0
97,99.0,0.112278815,0.110898414,0.4558,3.2067,3.2331,107.0,27.0
98,100.0,0.102495407,0.10128979699999999,1.8249,3.0339,0.491,84.0,26.0
99,101.0,0.125789926,0.125354613,1.6798,2.7186,0.2395,92.0,25.0
100,102.0,0.144760889,0.138447654,0.0003,11.8455,0.0003,100.0,27.0
102,104.0,0.149263111,0.14814707300000002,0.8352,3.3794,3.5136,135.0,30.0
107,109.0,0.086729481,0.084477544,0.0222,0.2412,1.1707,76.0,20.0
109,111.0,0.06801748099999999,0.058363007,0.0,0.4473,0.6719,26.0,8.0
110,112.0,0.09236948099999999,0.058840869000000004,0.0,0.0,0.009000000000000001,55.0,15.0
111,113.0,0.12545777800000002,0.10452778800000001,0.003,0.3344,0.0091,82.0,23.0
112,114.0,0.132662519,0.131616745,0.0031,5.2274,0.0962,99.0,30.0
113,115.0,0.13105096300000002,0.128242158,0.2392,3.2541,0.0865,137.0,32.0
114,116.0,0.110649185,0.107346476,0.4985,2.3055,0.0864,124.0,28.0
115,117.0,0.116869037,0.115229731,0.4824,3.2378,2.9205,121.0,30.0
116,118.0,0.11525363,0.114452703,2.1762,2.3058,3.301,95.0,25.0
117,119.0,0.150193185,0.149735839,2.0389,2.7338,8.9699,106.0,27.0
118,120.0,0.191636444,0.190862363,0.0418,12.5721,27.7998,102.0,31.0
119,121.0,0.224529778,0.22469892800000002,16.1778,27.0852,12.9144,133.0,35.0
120,122.0,0.218570963,0.219014528,22.9555,22.2115,4.0859,147.0,35.0
121,123.0,0.17835792600000003,0.176919517,9.5278,18.3886,3.9993,119.0,29.0
122,124.0,0.14726963,0.14021108300000001,1.0762,20.7148,1.0762,99.0,27.0
124,126.0,0.165873185,0.166514726,6.2063,24.4499,7.5732,111.0,28.0
126,128.0,0.058054222,0.081205248,0.0,1.5176,1.7829,33.0,9.0
128,130.0,0.117073778,0.115937342,2.4743,1.262,0.3505,99.0,25.0
129,131.0,0.11554548099999999,0.113826825,2.4208,0.0089,0.009000000000000001,103.0,30.0
130,132.0,0.08572296300000001,0.08271837,0.0029,0.0093,0.0089,87.0,29.0
131,133.0,0.08893037,0.06752287400000001,0.0742,1.1237,0.0,53.0,11.0
132,134.0,0.118172741,0.052729551,0.109,0.9054,0.0,73.0,10.0
133,135.0,0.155010963,0.15306676,2.2864,1.8347,3.8402,197.0,47.0
134,136.0,0.14154192599999998,0.140970197,3.2402,2.399,4.0712,163.0,40.0
135,137.0,0.136129778,0.13469910699999998,2.3826,1.2227,2.6398,125.0,34.0
136,138.0,0.179409481,0.171867713,1.508,1.9261,2.1494,123.0,35.0
137,139.0,0.230605333,0.23177503600000002,18.0137,12.8468,5.5849,163.0,48.0
138,140.0,0.21170637,0.211493923,25.3139,20.6729,5.3147,136.0,41.0
139,141.0,0.175307852,0.173357951,7.0775,19.6346,6.5728,119.0,35.0
141,143.0,0.205961778,0.205734508,7.9591,21.6677,15.5902,131.0,33.0
143,145.0,0.11727437,0.11634489,6.7238,6.3803,1.4172,94.0,25.0
145,147.0,0.260852148,0.261922395,21.184,55.7083,39.8004,110.0,39.0
146,148.0,0.21626370399999997,0.217118982,25.621,3.0205,39.3727,103.0,31.0
147,149.0,0.140918519,0.13877234900000002,22.5861,0.1412,21.6977,72.0,25.0
148,150.0,0.047584593,0.037460495,0.0,0.1415,0.0109,43.0,12.0
149,151.0,0.085174222,0.075182762,0.1664,0.15,0.0,89.0,19.0
150,152.0,0.14131703699999998,0.131456637,0.7545,6.1814,0.0,184.0,35.0
151,153.0,0.17238251899999998,0.166691629,7.5577,7.4593,1.1842,249.0,48.0
152,154.0,0.133126519,0.131859707,3.4772,1.3165,1.0876,183.0,42.0
153,155.0,0.098817185,0.09764257800000001,2.0666,0.0053,0.1153,108.0,31.0
154,156.0,0.116372741,0.10728399999999999,1.4956,0.0053,0.6762,99.0,28.0
156,158.0,0.15593214800000002,0.152724151,21.3439,17.0347,1.0223,100.0,30.0
161,163.0,0.15386163,0.15415056900000002,18.3224,22.3411,3.5188,113.0,32.0
163,165.0,0.262148148,0.264179585,21.4087,69.2157,0.0032,131.0,47.0
164,166.0,0.21303703699999998,0.214847237,25.6922,3.5281,0.0702,95.0,35.0
165,167.0,0.141185778,0.140549213,22.7315,0.193,0.2242,100.0,27.0
166,168.0,0.067977185,0.066671277,0.0711,0.1912,0.094,78.0,22.0
167,169.0,0.104726222,0.10356825900000001,0.2388,0.221,0.2328,125.0,31.0
168,170.0,0.154694519,0.153233586,0.7605,7.1534,0.1787,217.0,48.0
169,171.0,0.159387852,0.159001959,7.2987,6.9404,0.1522,223.0,49.0
170,172.0,0.11270340699999999,0.10612831,1.983,1.3147,0.0,152.0,38.0
171,173.0,0.057586963,0.055714393,1.0706,0.0054,0.0,67.0,20.0
172,174.0,0.053396741,0.051778195,1.3321,0.0051,0.34600000000000003,62.0,18.0
173,175.0,0.075342222,0.071842435,1.8230000000000002,0.0053,0.8581,78.0,21.0
174,176.0,0.08120503700000001,0.07571123,1.7221,0.6081,0.8562,79.0,21.0
175,177.0,0.10086103699999999,0.094543981,0.8432,0.7709,0.5415,99.0,26.0
176,178.0,0.114639111,0.11217871900000001,2.6553,0.8059,0.907,102.0,28.0
178,180.0,0.045226667000000005,0.084406451,0.0027,0.0,0.0,24.0,11.0
180,182.0,0.17050607399999998,0.16990051,19.0864,28.7289,0.0145,96.0,30.0
182,184.0,0.15588,0.15598341599999999,11.2589,0.5772,0.0514,69.0,25.0
183,185.0,0.10737363,0.10603829099999999,10.1167,0.0763,0.16899999999999998,86.0,24.0
184,186.0,0.06739051900000001,0.066187482,0.0722,0.0935,0.175,83.0,23.0
185,187.0,0.090335111,0.089188083,0.2379,0.2158,0.2138,98.0,27.0
186,188.0,0.09507940699999999,0.09279029300000001,0.1882,3.1304,0.0786,108.0,28.0
187,189.0,0.083120296,0.080496225,1.1926,1.4163,0.7235,98.0,24.0
188,190.0,0.06248444400000001,0.034439153,0.753,0.4475,0.0,38.0,7.0
189,191.0,0.041655111,0.029106207999999998,0.7541,0.0272,0.0,25.0,7.0
190,192.0,0.052556444,0.049207284000000004,0.3945,0.001,0.248,54.0,15.0
191,193.0,0.12252444400000001,0.120867106,9.4497,0.0021,0.9587,82.0,24.0
192,194.0,0.154256593,0.152174409,10.8728,2.7421,0.9520000000000001,104.0,29.0
193,195.0,0.15446014800000002,0.149526467,2.4844,2.6524,0.5411,125.0,30.0
195,197.0,0.056483556,0.046143172,0.16699999999999998,0.0,0.6919,68.0,18.0
196,199.0,0.11594251900000001,0.111068822,3.1866,1.0328,1.9151,92.0,22.0
198,201.0,0.065602963,0.037512334,0.0065,0.3342,0.0,26.0,8.0
199,202.0,0.08457185199999999,0.083403028,0.0806,0.4503,0.0507,63.0,20.0
200,203.0,0.113791111,0.113128172,0.0,13.5865,0.2126,90.0,29.0
201,204.0,0.124588444,0.12384422199999999,4.1663,2.456,0.2837,113.0,29.0
202,205.0,0.088630222,0.08342083,2.9360000000000004,0.1693,0.2124,90.0,23.0
203,206.0,0.047127407,0.035024612000000004,0.5225,0.0,0.0891,28.0,9.0
204,207.0,0.046528,0.043242191,0.1249,0.0,0.7514,54.0,13.0
205,208.0,0.099897481,0.099165396,1.9966,0.7953,0.7168,78.0,21.0
206,209.0,0.107756444,0.10796037300000001,2.0376,2.0853,0.0,85.0,21.0
207,210.0,0.12672059300000002,0.125220256,7.4248,11.2066,0.3687,92.0,28.0
209,212.0,0.19597985199999998,0.196964387,39.0295,30.5418,4.314,145.0,40.0
963,973.0,0.12426637,0.123825188,1.6282,3.0479,5.7915,104.0,25.0
965,975.0,0.117976296,0.117661584,1.1912,2.6321,1.151,148.0,29.0
966,976.0,0.12875851900000002,0.12820409,0.2433,1.7556,1.0767,185.0,34.0
967,977.0,0.147091259,0.145880927,2.4846,2.7216,0.8202,162.0,36.0
968,978.0,0.135052148,0.133243579,1.9726,1.0451,0.7742,166.0,34.0
969,979.0,0.125860148,0.11902754199999999,0.6992,0.5717,0.5143,180.0,34.0
970,980.0,0.109386074,0.10034191199999999,0.2742,0.4718,0.106,238.0,37.0
971,981.0,0.111792296,0.106557803,0.5134,0.6092,0.2554,244.0,37.0
972,982.0,0.100256593,0.094989932,0.369,0.3614,0.3611,209.0,35.0
973,983.0,0.080500741,0.06847669299999999,0.0863,0.0257,0.2159,181.0,30.0
974,984.0,0.071205037,0.064667686,0.0172,0.0256,0.0995,181.0,29.0
975,985.0,0.08258637,0.074944391,0.1693,0.0735,0.0997,176.0,28.0
976,986.0,0.136396741,0.13211946300000002,0.1592,0.3473,0.3051,139.0,28.0
977,987.0,0.201495704,0.200740925,13.4528,4.8704,1.4915,128.0,32.0
978,988.0,0.21702666699999998,0.218652885,12.7419,52.6396,51.3736,107.0,33.0
980,990.0,0.167688593,0.168209857,1.6477,38.0897,13.1463,82.0,25.0
982,992.0,0.118287111,0.112240299,0.7094,2.9479,2.8715,60.0,13.0
984,994.0,0.123179259,0.11622173,0.3566,0.2091,1.2612,94.0,14.0
985,995.0,0.11802488900000001,0.116609125,1.4139,0.0615,0.8189,144.0,34.0
986,996.0,0.10294311099999999,0.09377311,1.4197,0.1114,0.7759,126.0,26.0
987,997.0,0.09997392599999999,0.095656005,0.7015,0.5199,0.5121,147.0,29.0
988,998.0,0.08854933300000001,0.078445609,0.2262,0.4463,0.0542,176.0,31.0
989,999.0,0.105017481,0.09909318,0.3469,0.5087,0.2156,195.0,35.0
990,1000.0,0.11319437,0.109845395,0.8713,0.4761,0.4953,165.0,35.0
991,1001.0,0.115921778,0.107627952,0.7558,2.3724,0.3363,168.0,32.0
992,1002.0,0.110876741,0.10773219099999999,0.36200000000000004,0.2222,0.3818,194.0,35.0
993,1003.0,0.115770074,0.09717445699999999,0.1555,0.2235,0.505,198.0,32.0
994,1004.0,0.161801481,0.156142405,0.2545,0.3798,1.2545,178.0,35.0
995,1005.0,0.21880503699999998,0.21936609399999998,13.4854,5.6469,2.2671,160.0,37.0
997,1007.0,0.173906074,0.172906737,3.2079,8.3934,4.4212,72.0,23.0
999,1009.0,0.096024593,0.09125269400000001,0.0,0.2975,2.5529,47.0,10.0
1001,1011.0,0.089896,0.081367415,0.0,0.8418,0.8421,47.0,9.0
1002,1012.0,0.083553185,0.073523459,0.3602,0.0634,0.0448,56.0,11.0
1003,1013.0,0.10641096300000001,0.105472538,0.8174,0.0598,1.7648,100.0,25.0
1004,1014.0,0.11181155599999999,0.11058737800000001,0.8279,0.5759,1.7615,111.0,26.0
1005,1015.0,0.116676741,0.107043166,2.8436,6.3724,0.8171,92.0,22.0
1006,1016.0,0.105459259,0.08548353800000001,0.0,6.8015,0.0559,95.0,20.0
1007,1017.0,0.13157896300000002,0.12686724300000002,0.0535,4.2499,0.2212,140.0,31.0
1008,1018.0,0.136280593,0.135323865,0.8220000000000001,3.2008,0.6175,158.0,33.0
1009,1019.0,0.132652444,0.129548775,0.8045,4.0279,0.5468,179.0,35.0
1010,1020.0,0.127069926,0.12273130199999999,0.732,1.2706,0.5513,181.0,34.0
1012,1022.0,0.141609481,0.12574760599999998,0.1335,0.7288,0.9508,153.0,29.0
1017,1027.0,0.08480622199999999,0.071982054,0.1524,0.7048,0.9440000000000001,48.0,11.0
1019,1029.0,0.073109333,0.054362430999999996,0.0,0.4453,0.5839,40.0,9.0
1020,1030.0,0.055134815,0.045889014000000006,0.0,0.5335,0.0579,41.0,9.0
1021,1031.0,0.08816237,0.087076111,0.0648,0.5697,1.2222,86.0,20.0
1022,1032.0,0.10969777800000001,0.109066911,1.7963,0.929,2.9022,121.0,25.0
1023,1033.0,0.141658963,0.138494679,1.28,7.697,5.5094,104.0,26.0
1024,1034.0,0.178659259,0.17629476,3.1668,16.96,0.6256,103.0,27.0
1025,1035.0,0.217205333,0.215870586,14.1065,6.5435,2.3515,161.0,39.0
1026,1036.0,0.205438222,0.205714354,5.1871,3.8102,3.6645,160.0,36.0
1027,1037.0,0.154677037,0.15356276,1.3244,4.3556,2.852,178.0,36.0
1028,1038.0,0.136907259,0.135879205,0.6954,2.1118,1.3463,172.0,35.0
1029,1039.0,0.118016889,0.11340360199999999,0.0359,0.4562,0.672,153.0,34.0
1030,1040.0,0.09535199999999999,0.06359865599999999,0.1277,0.3983,0.5579999999999999,60.0,11.0
1031,1041.0,0.05957363,0.053091754000000005,0.517,0.3432,0.1282,64.0,17.0
1032,1042.0,0.061830222000000004,0.053204166,0.2082,1.2265,0.6779999999999999,48.0,14.0
1034,1044.0,0.163249481,0.138537225,0.0,0.0191,2.5161,41.0,11.0
1036,1046.0,0.11657422199999999,0.047376787999999996,0.0,0.4678,0.0591,46.0,8.0
1038,1048.0,0.047155852000000005,0.041619948,0.0,0.5687,0.0744,44.0,9.0
1039,1049.0,0.079687704,0.07837384,0.0766,0.598,0.1977,81.0,21.0
1040,1050.0,0.100438815,0.099376448,0.9889,0.9671,1.8766,99.0,24.0
1041,1051.0,0.137296593,0.136412153,0.1642,7.6184,3.1577,116.0,28.0
1042,1052.0,0.198936593,0.199585459,7.0518,17.3699,1.4921,111.0,30.0
1043,1053.0,0.24103763,0.24346853,38.6423,20.3684,15.287,136.0,37.0
1044,1054.0,0.21493807399999998,0.21577653600000002,7.2695,6.0652,13.1975,127.0,33.0
1045,1055.0,0.163013333,0.16116733800000002,1.9929,5.2387,4.7138,127.0,30.0
1046,1056.0,0.145700148,0.14408726800000002,0.0114,4.1991,2.3722,148.0,35.0
1047,1057.0,0.129660148,0.125628924,0.0113,0.0391,1.5097,131.0,34.0
1048,1058.0,0.087563556,0.035233648,0.0,0.0,0.3432,49.0,8.0
1049,1059.0,0.045844148,0.027112694,0.0038,0.0,0.0066,32.0,7.0
1051,1061.0,0.101639704,0.100060883,2.6887,0.6055,3.1572,64.0,18.0
1053,1063.0,0.179181333,0.178822901,0.7127,0.9846,0.9914,152.0,35.0
1055,1065.0,0.11895614800000001,0.08352607599999999,0.0,0.2417,2.4386,45.0,11.0
1056,1066.0,0.067215704,0.064660744,0.1316,0.2626,0.1283,75.0,21.0
1057,1067.0,0.079608296,0.078447512,0.1914,0.1509,2.4606,83.0,19.0
1058,1068.0,0.089047704,0.087666384,0.1889,2.5049,3.9714,81.0,21.0
1059,1069.0,0.090707556,0.08873384599999999,0.0,2.9691,2.3614,70.0,19.0
1060,1070.0,0.133556444,0.131940321,6.6534,6.9351,1.1425,73.0,21.0
1061,1071.0,0.17439911100000002,0.174928802,29.1199,15.6278,5.0642,83.0,25.0
1062,1072.0,0.165028741,0.165240579,4.1673,6.4479,5.7594,85.0,23.0
1063,1073.0,0.156649185,0.155442631,1.4332,6.1232,3.4245,105.0,25.0
1064,1074.0,0.132187852,0.131430886,0.0112,4.2463,0.5024,112.0,31.0
1066,1076.0,0.087480889,0.08625105,0.1322,1.2768,0.2798,92.0,25.0
1071,1081.0,0.162453037,0.162348555,0.6361,0.8628,0.1522,138.0,34.0
1073,1083.0,0.101004444,0.086343644,0.0,1.2332,1.1446,51.0,16.0
1074,1084.0,0.06239437,0.055382195999999995,0.0,1.2041,0.1463,54.0,15.0
1075,1085.0,0.08097451900000001,0.076698303,0.4506,3.6587,3.112,73.0,18.0
1076,1086.0,0.085777481,0.084500273,0.7207,1.6112,1.0022,79.0,19.0
1077,1087.0,0.096745481,0.09531765,1.3707,1.5379,1.8685,78.0,19.0
1078,1088.0,0.10374459300000001,0.101616731,5.4927,3.2867,1.1683,70.0,20.0
1079,1089.0,0.128243852,0.126282792,6.6433,0.7523,3.5228,84.0,22.0
1080,1090.0,0.129220444,0.109929927,1.4935,2.3148,4.1455,88.0,20.0
1081,1091.0,0.16367377800000002,0.161830163,0.0556,6.3471,5.003,103.0,29.0
1082,1092.0,0.136194667,0.134831225,0.0249,3.3985,0.6975,110.0,27.0
1083,1093.0,0.103282074,0.100975514,0.0226,1.2691,0.2806,82.0,22.0
1084,1094.0,0.08693777800000001,0.082260214,1.8495,1.2668,0.5962,78.0,19.0
1085,1095.0,0.117806815,0.11330059599999999,10.5335,1.8762,0.1398,83.0,21.0
1086,1096.0,0.149807407,0.149827649,13.2143,8.2199,6.2268,96.0,26.0
1088,1098.0,0.08165451900000001,0.08046857,2.3488,1.6319,0.0604,52.0,17.0
1090,1100.0,0.087215407,0.07412537599999999,0.027999999999999997,1.0696,0.0,70.0,20.0
1092,1102.0,0.061736593,0.06244761,0.0,1.2304,3.1043,47.0,16.0
1093,1103.0,0.090893333,0.090596475,0.8285,2.5414,3.883,66.0,19.0
1094,1104.0,0.10374903699999999,0.103977374,1.1326,1.4303,0.9617,76.0,22.0
1095,1105.0,0.12928563,0.130125388,7.1345,1.6082,4.4448,94.0,26.0
1096,1106.0,0.112957037,0.112644488,6.9322,6.0834,3.9069,77.0,21.0
1097,1107.0,0.111031111,0.10970129699999999,5.656000000000001,0.261,3.1278,75.0,15.0
1098,1108.0,0.109292741,0.107891291,0.7664,0.2492,0.7101,95.0,22.0
1099,1109.0,0.14311970400000001,0.14167780800000002,0.7873,3.3853,0.9786,117.0,28.0
1100,1110.0,0.135093333,0.133788842,0.4144,3.7382,0.6811,91.0,24.0
1101,1111.0,0.087608296,0.08526453699999999,0.0135,0.2378,0.2776,60.0,20.0
1102,1112.0,0.097846815,0.095477423,1.7778,0.2093,1.578,63.0,17.0
1103,1113.0,0.138871111,0.13836032199999998,13.4344,0.2705,15.3755,84.0,22.0
1105,1115.0,0.10056977800000001,0.098903065,2.8917,3.5766,6.9091,73.0,23.0
1107,1117.0,0.08998340699999999,0.089354349,0.8039,0.5364,0.0686,84.0,25.0
1109,1119.0,0.06900563,0.066480155,0.0,2.964,3.4625,48.0,15.0
1110,1120.0,0.080445333,0.079105859,0.9463,5.2037,3.5414,51.0,18.0
1111,1121.0,0.098398519,0.09774479999999999,2.3056,2.6884,2.0319,86.0,24.0
1112,1122.0,0.099177481,0.09921219699999999,0.4112,2.6423,0.9321,85.0,22.0
1113,1123.0,0.132556741,0.133179759,7.6667,3.5914,4.5749,103.0,26.0
1114,1124.0,0.117051259,0.117042424,7.5968,6.0493,5.1734,80.0,22.0
1115,1125.0,0.107351407,0.103918593,6.3339,0.2461,4.1776,89.0,22.0
1116,1126.0,0.113958222,0.108323695,0.7766,0.2486,0.7427,101.0,23.0
1117,1127.0,0.14174163,0.138247239,0.7955,0.6883,1.2028,126.0,28.0
1118,1128.0,0.171176296,0.16985012600000002,0.4131,9.5902,1.5709,112.0,30.0
1120,1130.0,0.196617481,0.19619071800000001,0.0962,61.5696,3.2971,84.0,26.0
1125,1135.0,0.100502519,0.101018285,2.0234,1.3358,0.1321,71.0,20.0
1127,1137.0,0.112608593,0.111855704,2.1369,6.5289,4.1232,70.0,20.0
1128,1138.0,0.136872889,0.136581218,4.376,7.0575,4.0166,77.0,20.0
1129,1139.0,0.125183704,0.12479815300000001,3.0148,2.3852,2.5543,74.0,21.0
1130,1140.0,0.09906103699999999,0.098019224,0.3162,2.0378,1.8519999999999999,76.0,20.0
1131,1141.0,0.08188563,0.08023882,2.5715,1.9325,1.0339,73.0,19.0
1132,1142.0,0.082520593,0.080557469,0.6613,2.9566,3.8552,68.0,16.0
1133,1143.0,0.10244237,0.100543558,2.4253,2.1546,3.6052,98.0,22.0
1134,1144.0,0.130149333,0.129122193,2.3755,0.3303,0.0498,114.0,28.0
1135,1145.0,0.166311407,0.165537283,0.76,0.6821,2.7028,148.0,35.0
1136,1146.0,0.244652741,0.244991237,8.4727,13.1457,37.8333,144.0,37.0
1137,1147.0,0.269960296,0.271412443,8.8978,73.1559,32.1687,122.0,36.0
1138,1148.0,0.302077333,0.30465224,8.2105,170.9893,36.0593,110.0,38.0
1139,1149.0,0.22127259300000002,0.223107923,0.7698,48.9803,16.5483,95.0,29.0
1140,1150.0,0.150916444,0.151163377,0.7176,10.6478,10.9305,68.0,21.0
1142,1152.0,0.108440593,0.107633551,0.25,0.4164,2.5093,77.0,19.0
1144,1154.0,0.111107259,0.110946782,0.3325,4.5291,1.9055,86.0,23.0
1146,1156.0,0.17481659300000002,0.174413769,4.1342,5.9522,5.394,67.0,21.0
1147,1157.0,0.156650667,0.156624968,2.2453,0.4336,3.9623,70.0,21.0
1148,1158.0,0.116218074,0.115154715,0.1576,0.0946,3.9336,61.0,19.0
1149,1159.0,0.06826251900000001,0.06607171099999999,0.0207,0.0949,0.7572,53.0,17.0
1150,1160.0,0.103641185,0.102415368,0.075,0.9385,4.5881,77.0,20.0
1151,1161.0,0.128804148,0.127668904,2.6841,3.5768,4.4363,101.0,23.0
1152,1162.0,0.135339556,0.134719261,2.6576,2.4265,0.0303,108.0,26.0
1153,1163.0,0.130144,0.12896880300000002,2.4315,1.1128,0.0147,115.0,29.0
1154,1164.0,0.21725037,0.217726945,40.0085,4.6908,23.7477,123.0,33.0
1155,1165.0,0.264714963,0.26679505800000003,45.4443,68.8282,28.5575,125.0,35.0
1156,1166.0,0.295929481,0.298621873,37.0485,156.9879,29.3051,113.0,38.0
1157,1167.0,0.18816237,0.189101173,1.102,8.5226,1.5778,78.0,24.0
1159,1169.0,0.068815111,0.066252981,0.385,0.6358,0.2298,55.0,16.0
1161,1171.0,0.090917926,0.08873698099999999,2.6307,1.6752,2.2762,84.0,19.0
1163,1173.0,0.13221659300000002,0.131070362,2.7439999999999998,2.1484,4.3015,74.0,20.0
1164,1174.0,0.19146163,0.19111876,2.7417,2.7060000000000004,64.4709,79.0,23.0
1165,1175.0,0.18981985199999998,0.19021185399999999,0.0039,7.7756,66.0394,97.0,33.0
1166,1176.0,0.179834667,0.17913416,14.5417,15.1774,20.3498,75.0,21.0
1167,1177.0,0.169424889,0.169342931,6.3034,17.7047,0.8548,77.0,21.0
1168,1178.0,0.196057185,0.196345228,1.8307,42.3255,18.0028,88.0,28.0
1169,1179.0,0.16998874100000003,0.170243119,4.3918,5.2861,17.9938,94.0,26.0
1170,1180.0,0.11598607400000001,0.115536512,2.6296,2.5916,0.0589,98.0,24.0
1171,1181.0,0.091833778,0.127805941,3.0909,1.6217,0.0,49.0,14.0
1172,1182.0,0.165197926,0.165077112,36.2998,1.5042,10.0911,99.0,25.0
1174,1184.0,0.190075259,0.18880223,34.5034,3.9065,12.1238,96.0,27.0
1920,1945.0,0.153772741,0.154137134,0.9755,0.0,3.2956,138.0,35.0
1922,1947.0,0.089180444,0.07290833,0.4844,0.0,0.0,82.0,17.0
1923,1948.0,0.026172741,0.004326761,0.0,0.0,0.0,48.0,6.0
1924,1949.0,0.050568296,0.04659013099999999,0.0832,0.0094,0.0,81.0,14.0
1925,1950.0,0.090958815,0.087045321,0.2275,0.318,0.0128,214.0,43.0
1926,1951.0,0.09755022199999999,0.091681963,0.245,0.0,0.1284,247.0,56.0
1927,1952.0,0.063736889,0.05437665,0.047,0.0,0.0899,148.0,33.0
1928,1953.0,0.024217481000000003,0.003647107,0.0,0.0,0.0,34.0,6.0
1929,1954.0,0.044473778,0.038472423,0.0052,0.0,0.0,73.0,13.0
1930,1955.0,0.067664,0.059611515,0.0052,0.0684,0.0,111.0,21.0
1931,1956.0,0.09126637,0.089264778,0.0744,2.1292,0.4018,139.0,35.0
1932,1957.0,0.107704,0.102314377,2.9687,2.2418,1.3345,69.0,13.0
1933,1958.0,0.119176296,0.113488695,3.7118,4.4964,1.0487,67.0,13.0
1934,1959.0,0.16082844400000001,0.155797556,5.1697,16.0693,1.3829,61.0,14.0
1935,1960.0,0.24026755600000002,0.239370657,0.3721,68.8763,35.6884,58.0,17.0
1937,1962.0,0.23160325899999998,0.232407632,0.5968,57.7808,50.3195,104.0,40.0
1939,1964.0,0.220054222,0.217887053,2.1069999999999998,0.2565,20.5126,226.0,61.0
1941,1966.0,0.039301926,0.021012797000000003,0.035,0.1157,0.0,32.0,7.0
1942,1967.0,0.078102815,0.07585376,0.1342,0.0437,0.0851,153.0,36.0
1943,1968.0,0.12653837,0.12402784300000001,0.2672,0.3648,0.4863,311.0,64.0
1944,1969.0,0.12342133300000001,0.119993789,0.2377,0.1044,0.4552,329.0,75.0
1945,1970.0,0.08507229599999999,0.075388775,0.0475,0.0363,0.0956,207.0,54.0
1946,1971.0,0.047445926,0.01197721,0.0,0.0,0.0,61.0,5.0
1947,1972.0,0.06446311099999999,0.051580467000000005,0.0052,0.0769,0.0049,126.0,24.0
1948,1973.0,0.076110815,0.069944761,0.0052,0.2032,0.005,129.0,35.0
1949,1974.0,0.08380711099999999,0.081347821,0.0052,2.3273,0.2082,113.0,33.0
1950,1975.0,0.100673185,0.083927242,2.9594,2.1208,0.1699,55.0,11.0
1951,1976.0,0.119293333,0.09977727800000001,3.7066,2.9789,0.1651,62.0,12.0
1952,1977.0,0.158174222,0.157764759,5.0015,12.9379,0.0195,137.0,49.0
1954,1979.0,0.22847199999999998,0.23006087100000003,17.0189,12.2998,35.6116,115.0,39.0
1956,1981.0,0.244110519,0.244720285,2.2217,9.1053,9.8237,288.0,84.0
1958,1983.0,0.153558519,0.151138745,1.594,2.9366,0.8348,123.0,40.0
1959,1984.0,0.10198903699999999,0.099849159,1.0525,2.4167,0.0,93.0,24.0
1960,1985.0,0.122719704,0.121384378,1.0144,0.7715,1.3194,164.0,49.0
1961,1986.0,0.118782815,0.114004848,0.0661,0.6037,1.462,209.0,57.0
1962,1987.0,0.098623111,0.09345132699999999,0.0434,0.1321,0.5341,237.0,63.0
1963,1988.0,0.07876414799999999,0.064202589,0.0,0.0982,0.0718,93.0,11.0
1964,1989.0,0.068613037,0.041109842,0.0,0.006999999999999999,0.0,86.0,8.0
1965,1990.0,0.082616,0.07566902,0.0051,0.0805,0.0078,201.0,50.0
1966,1991.0,0.084338074,0.078742985,0.005,0.1971,0.121,187.0,43.0
1967,1992.0,0.110216889,0.103515636,0.3004,1.2285,0.255,160.0,40.0
1969,1994.0,0.12178637,0.120572641,0.2166,1.3075,0.1518,148.0,46.0
1974,1999.0,0.16424740699999998,0.158735485,1.181,7.1878,0.6894,188.0,60.0
1976,2001.0,0.145703111,0.142672046,1.0726,2.7554,3.3596,132.0,47.0
1977,2002.0,0.160908148,0.159238202,1.0607,2.4745,0.821,154.0,56.0
1978,2003.0,0.155206222,0.15479100199999998,0.9998,1.8929,3.6606,173.0,56.0
1979,2004.0,0.113465185,0.111041391,0.0428,0.2819,3.4438,144.0,46.0
1980,2005.0,0.08858429599999999,0.085358475,0.0916,0.2492,0.2068,149.0,40.0
1981,2006.0,0.13809659300000002,0.13360970000000003,0.1761,0.3093,0.0962,176.0,46.0
1982,2007.0,0.169280889,0.158766835,0.1848,4.187,0.0927,248.0,57.0
1983,2008.0,0.152748148,0.149183858,0.0763,6.0878,0.0078,240.0,67.0
1984,2009.0,0.114272296,0.111227811,0.2737,2.2723,0.1164,256.0,60.0
1985,2010.0,0.121568593,0.118276265,0.5301,1.7993,0.2485,223.0,58.0
1986,2011.0,0.146607407,0.146394841,0.4828,3.4116,0.2189,220.0,59.0
1987,2012.0,0.12974696300000002,0.12848176,0.2702,5.9003,0.7681,172.0,48.0
1988,2013.0,0.09443940699999999,0.092629401,0.0,5.2591,0.6829,109.0,33.0
1989,2014.0,0.09594903699999999,0.094735327,0.6961,4.02,4.7117,98.0,30.0
1991,2016.0,0.146920889,0.146745287,0.9227,21.8135,19.3443,86.0,32.0
1993,2018.0,0.121028148,0.085359147,0.9468,1.7434,0.6586,54.0,11.0
1995,2020.0,0.19392177800000002,0.191050462,1.1165,3.0768,4.7679,238.0,72.0
1996,2021.0,0.177193481,0.175440476,0.9853,2.7789,5.1908,225.0,68.0
1997,2022.0,0.107559704,0.105703072,0.0425,0.2081,4.7196,115.0,39.0
1998,2023.0,0.08412414800000001,0.081798587,0.1884,0.19699999999999998,0.3052,114.0,28.0
1999,2024.0,0.16604237,0.164518413,9.3224,0.2272,0.3539,167.0,46.0
2000,2025.0,0.20400770399999998,0.202600642,14.05,4.4378,0.3621,222.0,63.0
2001,2026.0,0.169274667,0.166334465,6.6869,6.479,0.2052,200.0,58.0
2002,2027.0,0.106991407,0.105969657,0.3411,2.2934,0.1199,226.0,56.0
2003,2028.0,0.121215407,0.11869277,0.5174,1.8608,0.5268,244.0,58.0
2004,2029.0,0.145127111,0.145344621,0.5589,3.7715,0.6924,202.0,59.0
2005,2030.0,0.120047704,0.11916637699999999,0.1311,6.0982,0.5492,150.0,43.0
2006,2031.0,0.11092237,0.109477818,0.0,7.346,5.6097,92.0,30.0
2008,2033.0,0.167124444,0.16630983300000002,0.9067,23.9096,22.8293,115.0,38.0
2010,2035.0,0.074667852,0.06711196700000001,1.7116,0.271,0.607,100.0,20.0
2012,2037.0,0.116732741,0.114083222,0.8204,1.3801,1.8958,165.0,47.0
2013,2038.0,0.155068741,0.152355791,1.3664,2.7525,2.3706,223.0,61.0
2014,2039.0,0.155186074,0.15374862,2.9189999999999996,5.0099,2.1687,219.0,59.0
2015,2040.0,0.12770163,0.127923061,3.7981,2.6757,2.4577,152.0,43.0
2016,2041.0,0.12009600000000001,0.118336725,0.1653,1.4274,2.1024,131.0,38.0
2017,2042.0,0.187981333,0.188544713,9.6986,1.4279,5.2129,177.0,55.0
2018,2043.0,0.20398992600000002,0.20483655899999997,14.5504,6.6854,4.997,195.0,59.0
2019,2044.0,0.15182222199999998,0.150974158,6.95,6.4617,0.0011,145.0,47.0
2020,2045.0,0.099360296,0.096423068,0.004,1.9884,0.1292,127.0,43.0
2021,2046.0,0.090192593,0.086384175,0.0041,0.8053,0.5416,132.0,40.0
2023,2048.0,0.056750815,0.052876672,0.0,0.4485,0.3673,64.0,20.0
2028,2053.0,0.060397037,0.058050181,1.706,0.0226,1.4708,64.0,17.0
2030,2055.0,0.101474963,0.098983791,0.5589,1.3428,2.5098,135.0,38.0
2031,2056.0,0.11523733300000001,0.112283965,1.0402,2.1416,2.1542,174.0,49.0
2032,2057.0,0.12095496300000001,0.11916301800000001,1.4608,3.1107,1.9627,173.0,46.0
2033,2058.0,0.115590815,0.11547717099999999,0.092,2.4966,1.5016,147.0,42.0
2034,2059.0,0.118574519,0.11740294800000001,0.7857,1.6476,1.0436,143.0,40.0
2035,2060.0,0.145909333,0.14506919,4.1139,2.1198,1.8515,169.0,50.0
2036,2061.0,0.136829333,0.135799711,4.1965,3.8349,1.5531,145.0,45.0
2037,2062.0,0.091520296,0.089119449,2.3627,0.6679,0.0004,100.0,30.0
2038,2063.0,0.112934519,0.107342781,15.5098,0.6535,0.1451,98.0,28.0
2039,2064.0,0.11368622199999999,0.111763557,15.9104,0.1216,0.6062,125.0,33.0
2040,2065.0,0.103378667,0.10094438800000001,15.0499,0.0196,0.5829,96.0,31.0
2041,2066.0,0.045102519,0.045163833,0.0,0.0202,0.2333,56.0,18.0
2042,2067.0,0.10422933300000001,0.10513419199999999,0.0,0.079,13.2494,80.0,27.0
2043,2068.0,0.151736889,0.155107172,0.0,8.1017,22.873,103.0,40.0
2045,2070.0,0.09413333300000001,0.08961141800000001,0.0,6.3262,3.6943,86.0,26.0
2047,2072.0,0.147496889,0.147613006,5.9474,0.0396,9.2264,83.0,29.0
2049,2074.0,0.128309333,0.155077351,0.0,3.0199,6.317,50.0,12.0
2050,2075.0,0.121823111,0.12169563800000001,0.1896,2.1925,3.5749,133.0,38.0
2051,2076.0,0.11795644400000001,0.11733800900000001,0.2259,1.587,0.2206,143.0,42.0
2052,2077.0,0.116427852,0.11447397599999999,0.7278,3.4209,1.1319,154.0,40.0
2053,2078.0,0.100130074,0.09800075,0.92,2.5026,0.0996,136.0,40.0
2054,2079.0,0.09070459300000001,0.088729479,0.4295,4.482,1.0184,106.0,30.0
2055,2080.0,0.067089185,0.064663319,0.1109,0.7759999999999999,0.0004,77.0,23.0
2056,2081.0,0.125413037,0.125192266,17.2173,0.7644,2.4343,108.0,33.0
2057,2082.0,0.128589037,0.128593724,17.7977,0.7267,4.79,122.0,38.0
2058,2083.0,0.131952593,0.128721363,17.3929,2.7481,4.4793,122.0,35.0
2059,2084.0,0.09203614800000001,0.090369412,0.1901,2.294,3.6899,93.0,28.0
2060,2085.0,0.146381926,0.145272964,7.1107,3.6598,11.3159,107.0,32.0
2062,2087.0,0.151142519,0.151247349,6.1909,13.7435,17.1048,125.0,39.0
2064,2089.0,0.161082963,0.16212462800000002,9.1477,4.0907,7.0451,119.0,36.0
2066,2091.0,0.22186992600000002,0.22443133399999998,5.0114,57.9805,15.7375,142.0,48.0
2067,2092.0,0.146243556,0.14676768,0.3642,0.3844,7.8053,105.0,36.0
2068,2093.0,0.110343704,0.110718376,0.3135,0.38799999999999996,1.4224,101.0,32.0
2069,2094.0,0.10975703699999999,0.10982826400000001,0.1357,1.0219,0.9368,121.0,34.0
2070,2095.0,0.109806815,0.11040879599999999,0.1411,2.9328,2.0012,124.0,35.0
2071,2096.0,0.086573926,0.08610213800000001,0.0508,2.2605,0.0432,87.0,30.0
2072,2097.0,0.087833778,0.08719065,0.0765,4.4663,1.7677,84.0,26.0
2073,2098.0,0.08974577800000001,0.088548994,0.3038,2.2455,1.7853,91.0,26.0
2074,2099.0,0.139321778,0.13902426699999998,13.1098,1.9957,2.2359,135.0,38.0
2075,2100.0,0.130186074,0.129895863,13.3661,1.5762,3.1164,148.0,39.0
2077,2102.0,0.11511822199999999,0.11406978699999999,0.1898,1.0272,1.7538,116.0,33.0
2081,2107.0,0.185241481,0.186155407,9.352,4.4566,14.3894,132.0,45.0
2083,2109.0,0.22200829600000002,0.22404953800000002,11.2522,54.4204,15.285,126.0,43.0
2084,2110.0,0.148064889,0.147986965,5.957999999999999,3.702,4.8391,110.0,31.0
2085,2111.0,0.116367111,0.11585001,0.6349,4.505,6.965,111.0,32.0
2086,2112.0,0.12098637,0.120993625,0.1358,5.1436,11.5605,119.0,35.0
2087,2113.0,0.103294815,0.103535789,0.1224,0.7851,7.8985,99.0,32.0
2088,2114.0,0.082403556,0.079890165,0.0322,0.4463,0.0437,86.0,26.0
2089,2115.0,0.130594667,0.128566853,1.1356,0.4502,1.8623,94.0,28.0
2090,2116.0,0.165070222,0.16557535,4.8644,2.9639,1.9064,112.0,35.0
2091,2117.0,0.161599407,0.161565929,4.8742,1.7744,3.5609,120.0,38.0
2092,2118.0,0.10595407400000001,0.105195316,2.5243,1.3123,2.8018,127.0,35.0
2093,2119.0,0.09077511099999999,0.08991092099999999,0.2845,1.6345,1.485,120.0,35.0
2094,2120.0,0.138508444,0.137901271,0.5655,0.7623,1.5984,138.0,36.0
2095,2121.0,0.16919792600000003,0.166858455,0.4218,0.9221,29.7092,121.0,40.0
2096,2122.0,0.16921629600000002,0.16872377100000002,0.4348,15.9634,30.0168,109.0,37.0
2098,2124.0,0.11169925900000001,0.108358516,4.188,4.4172,6.1251,110.0,30.0
2100,2126.0,0.130517037,0.129986553,0.0,17.3459,11.6092,40.0,12.0
2102,2128.0,0.100824889,0.09919809,4.375,4.2274,5.6966,76.0,21.0
2103,2129.0,0.11366963,0.11222686300000001,1.9412,6.1037,7.5417,95.0,27.0
2104,2130.0,0.138545481,0.13880705699999998,4.1271,10.7477,12.0122,123.0,36.0
2105,2131.0,0.125023111,0.125750965,3.6771,2.9654,7.9492,116.0,37.0
2106,2132.0,0.136129778,0.13607962,0.0,2.8633,2.9294,109.0,38.0
2107,2133.0,0.21397866699999998,0.21539586,1.0743,3.3923,4.2602,116.0,40.0
2108,2134.0,0.25026637,0.25282758,4.9918,35.6814,8.0151,146.0,49.0
2109,2135.0,0.197518815,0.19849717100000003,4.9661,1.0876,11.8062,125.0,41.0
2110,2136.0,0.094164444,0.093549631,2.7047,0.6942,0.6362,105.0,32.0
2111,2137.0,0.058978667,0.058200996,0.4166,0.4708,0.5157,89.0,25.0
2112,2138.0,0.094938074,0.094169462,0.7175,0.8413,0.8499,98.0,27.0
2113,2139.0,0.140479407,0.138950371,2.1553,1.6191,24.9823,112.0,33.0
2115,2141.0,0.166359111,0.16212462800000002,3.4341,3.0224,12.0198,109.0,35.0
2117,2143.0,0.156142815,0.155695669,4.7199,4.6898,21.5616,85.0,32.0
2119,2145.0,0.170796741,0.169787427,23.8978,25.2447,14.9975,80.0,28.0
2120,2146.0,0.147140444,0.145954823,4.2074,17.9954,10.5656,86.0,27.0
2121,2147.0,0.17477807399999998,0.174059963,8.4211,19.4071,12.8127,109.0,33.0
2122,2148.0,0.14743377800000002,0.147457377,7.1142,9.0862,13.0672,125.0,36.0
2123,2149.0,0.114209185,0.114365371,4.5303,2.8665,8.7632,113.0,33.0
2124,2150.0,0.16510340699999998,0.163885817,3.8887,2.9796,9.471,139.0,43.0
2125,2151.0,0.26531792600000004,0.266605839,9.2484,5.2081,75.7141,179.0,58.0
2126,2152.0,0.282654222,0.284383443,10.9546,13.8859,77.5159,178.0,60.0
2127,2153.0,0.185351407,0.184961873,3.5937,0.9574,35.9163,100.0,39.0
2128,2154.0,0.071588148,0.07010912400000001,1.7806,0.5293,0.08800000000000001,77.0,26.0
2130,2156.0,0.079413926,0.078241163,0.7163,0.7803,0.4077,94.0,29.0
2879,2917.0,0.106385185,0.10550332800000001,0.2942,0.2573,0.6148,83.0,24.0
2881,2919.0,0.143787259,0.141999144,0.1278,0.8079999999999999,0.3369,139.0,34.0
2882,2920.0,0.107694815,0.099437804,0.125,0.1911,0.6054,151.0,36.0
2883,2921.0,0.068860444,0.056237487999999995,0.0043,0.1385,0.0176,127.0,27.0
2884,2922.0,0.061778074,0.044273152999999996,0.0,0.1216,0.0,73.0,11.0
2885,2923.0,0.054153480999999996,0.036692536,0.0,0.0556,0.0,75.0,10.0
2886,2924.0,0.053435259000000006,0.036598038,0.0,0.0172,0.0,122.0,22.0
2887,2925.0,0.099367704,0.08905294300000001,0.3173,0.0174,0.6237,189.0,36.0
2888,2926.0,0.116243259,0.112985978,0.4788,0.2774,1.8116,186.0,39.0
2889,2927.0,0.126764444,0.12466267699999999,0.7020000000000001,1.5355,1.9157,134.0,41.0
2890,2928.0,0.089835259,0.087847317,0.3074,1.5054,1.9582,91.0,25.0
2891,2929.0,0.073535111,0.071799777,0.1531,0.0331,1.4959,81.0,23.0
2892,2930.0,0.10111051900000001,0.09982631800000001,0.0335,0.0333,1.8103,121.0,31.0
2893,2931.0,0.12046963,0.120383423,1.6481,0.2336,4.0413,151.0,34.0
2894,2932.0,0.111328593,0.111147645,1.6333,1.092,3.5637,119.0,31.0
2896,2934.0,0.111270815,0.10905952099999999,3.3154,0.9827,2.3112,57.0,19.0
2898,2936.0,0.217352593,0.214415057,0.0327,9.5303,3.2032,102.0,37.0
2900,2938.0,0.118836444,0.110695535,0.1256,0.0,2.7819,125.0,33.0
2901,2939.0,0.054216593,0.043686239,0.0053,0.0,0.0176,86.0,20.0
2902,2940.0,0.034638815,0.010264803000000001,0.0,0.0,0.0,37.0,9.0
2903,2941.0,0.026225481000000002,0.002195094,0.0,0.0,0.0,47.0,7.0
2904,2942.0,0.040317926000000004,0.002145796,0.0,0.0,0.0,62.0,5.0
2905,2943.0,0.10141659300000001,0.089215178,0.3653,0.1188,0.6223,179.0,33.0
2906,2944.0,0.141035852,0.137713172,0.5368,0.275,3.4239,198.0,40.0
2907,2945.0,0.134119704,0.132888654,0.45299999999999996,0.4143,3.5023,165.0,39.0
2908,2946.0,0.096146963,0.09328830699999999,0.0489,0.3811,1.8348,119.0,32.0
2909,2947.0,0.06955022200000001,0.06764010000000001,0.1347,0.1354,0.1446,85.0,23.0
2910,2948.0,0.109139259,0.108293129,0.1545,0.2202,0.9074,131.0,33.0
2911,2949.0,0.13235555599999999,0.132636735,1.6351,0.85,4.7043,156.0,36.0
2913,2951.0,0.118223704,0.117517151,2.6229,6.7881,2.6036,103.0,27.0
2915,2953.0,0.20409925899999998,0.204265543,9.9859,10.0898,6.3331,102.0,32.0
2917,2955.0,0.210023407,0.210162674,1.1487,13.0797,19.9221,93.0,30.0
2918,2956.0,0.11776207400000001,0.11585001,0.0311,5.5644,11.1673,83.0,25.0
2919,2957.0,0.07684207400000001,0.075174588,0.0,4.3474,0.2196,85.0,21.0
2920,2958.0,0.078567407,0.07697407,0.0,4.0705,0.0,74.0,19.0
2921,2959.0,0.065129778,0.053146952000000004,0.0,0.0,0.0,71.0,17.0
2922,2960.0,0.058176889,0.032845014,0.0,0.0,0.0,48.0,8.0
2923,2961.0,0.084298074,0.075189703,0.3106,0.1164,0.0183,156.0,32.0
2924,2962.0,0.13502814800000001,0.132069079,0.3553,0.2044,2.4883,179.0,37.0
2925,2963.0,0.136439111,0.135712379,0.3145,1.0418,2.9843,171.0,38.0
2926,2964.0,0.113873481,0.111142718,0.3514,0.848,2.7761,113.0,28.0
2928,2966.0,0.108098667,0.10706164,0.1353,1.2814,0.9368,140.0,32.0
2933,2971.0,0.190979852,0.190274553,6.7862,6.2018,0.5749,107.0,33.0
2935,2973.0,0.197274963,0.19591080800000002,4.4264,14.665999999999999,6.5438,93.0,28.0
2936,2974.0,0.173200296,0.17247119800000002,7.6262,8.357999999999999,6.5851,101.0,28.0
2937,2975.0,0.17409866699999998,0.173533734,8.0901,16.2069,4.4992,126.0,31.0
2938,2976.0,0.166995556,0.166535999,1.82,7.2289,2.0392,121.0,31.0
2939,2977.0,0.11986963,0.111022581,0.0117,0.0,0.0,96.0,23.0
2940,2978.0,0.084038222,0.06447578,0.0118,0.0,0.0,76.0,15.0
2941,2979.0,0.051592,0.01108515,0.0,0.0425,0.0,47.0,7.0
2942,2980.0,0.110924444,0.09820530699999999,0.0,0.0187,1.3989,123.0,29.0
2943,2981.0,0.139734519,0.13324133900000001,1.1427,0.0869,2.3648,142.0,30.0
2944,2982.0,0.150878815,0.14789291599999999,1.3252,1.5955,2.4643,155.0,34.0
2945,2983.0,0.14004503699999998,0.139204529,0.6963,1.7332,0.7881,154.0,34.0
2946,2984.0,0.14902963,0.148364283,0.7018,2.0389,1.6418,155.0,32.0
2947,2985.0,0.155379259,0.155337385,0.0,18.3604,6.4018,117.0,33.0
2948,2986.0,0.149758222,0.148803181,4.7443,13.8935,7.284,102.0,29.0
2950,2988.0,0.158813926,0.157159035,1.1866,30.468000000000004,1.3568,98.0,29.0
2952,2990.0,0.117899852,0.11022875800000001,0.4387,5.5295,3.6899,79.0,21.0
2954,2992.0,0.237221037,0.237648655,6.1855,6.3928,10.7244,125.0,38.0
2955,2993.0,0.262551111,0.26413144,5.7216,27.3978,13.8114,154.0,42.0
2956,2994.0,0.23703851899999998,0.23914561,4.476,5.487,15.6222,152.0,41.0
2957,2995.0,0.141701333,0.141256824,0.2403,0.8674,2.6288,109.0,31.0
2958,2996.0,0.08880503699999999,0.083174398,0.0118,0.5698,0.8445,66.0,19.0
2959,2997.0,0.047874667,0.036705971000000004,0.0291,0.7422,0.0,37.0,8.0
2960,2998.0,0.107166815,0.10470805,0.5489,0.8143,1.3992,114.0,26.0
2961,2999.0,0.18219763,0.181114799,5.2247,1.9496,4.4862,152.0,36.0
2962,3000.0,0.19514607399999997,0.193831642,5.2824,12.0322,6.2305,176.0,40.0
2963,3001.0,0.171701333,0.171671777,4.813,10.8016,12.0492,135.0,33.0
2964,3002.0,0.149454222,0.14786828400000002,0.1237,10.6157,11.4944,143.0,31.0
2965,3003.0,0.147154963,0.146846055,0.0,18.0937,11.0824,118.0,32.0
2967,3005.0,0.115508444,0.11563951900000001,0.3158,9.9849,2.1376,106.0,27.0
2969,3007.0,0.133059259,0.131968312,0.201,15.4752,7.7465,97.0,27.0
2971,3009.0,0.170973333,0.169088773,1.022,1.0513,6.9206,137.0,37.0
2972,3010.0,0.24210014800000002,0.24264111800000002,0.7836,12.0287,14.7294,144.0,40.0
2973,3011.0,0.252631704,0.254677221,3.9316,22.6989,11.5768,127.0,43.0
2974,3012.0,0.197953185,0.199005486,3.8564,2.6136,2.1221,119.0,36.0
2975,3013.0,0.11414400000000001,0.113022926,0.2263,1.4233,1.6034,102.0,26.0
2976,3014.0,0.09037066699999999,0.088929559,0.0664,1.0916,0.7704,102.0,27.0
2977,3015.0,0.097994963,0.09553821900000001,0.1835,2.9287,0.0,123.0,26.0
2978,3016.0,0.142924741,0.142058485,1.1137,4.5533,4.5414,148.0,34.0
2979,3017.0,0.21800355600000001,0.218141211,7.5091,29.6714,23.1309,154.0,40.0
2980,3018.0,0.210269333,0.210782953,7.4568,19.4845,29.8065,129.0,40.0
2982,3020.0,0.157873185,0.15652644,0.2437,12.5768,12.8274,112.0,30.0
2987,3025.0,0.143442667,0.142574638,1.5423,0.7249,18.3922,108.0,30.0
2989,3027.0,0.126376296,0.124326786,0.0003,0.728,2.1556,137.0,37.0
2990,3028.0,0.180877333,0.17939391600000001,0.265,11.602,2.134,145.0,35.0
2991,3029.0,0.173933333,0.17355724600000003,3.8595,8.3958,3.1749,133.0,36.0
2992,3030.0,0.11880207400000001,0.11541783,3.8115,2.0927,1.3032,85.0,22.0
2993,3031.0,0.058908148,0.057089867999999995,0.1916,1.319,0.138,65.0,18.0
2994,3032.0,0.073436444,0.072087188,0.0577,1.1204,0.6404,104.0,26.0
2995,3033.0,0.11757185199999999,0.11775787300000001,0.1879,3.3311,1.1922,138.0,38.0
2996,3034.0,0.147870815,0.147127084,0.9990000000000001,6.6165,5.6558,142.0,33.0
2997,3035.0,0.206519111,0.20615213300000002,2.6164,28.745,23.9226,148.0,39.0
2998,3036.0,0.214829333,0.21491441600000002,3.6998,25.8387,49.2689,118.0,39.0
2999,3037.0,0.213766815,0.214183292,12.2897,24.0443,43.2221,119.0,36.0
3000,3038.0,0.20029125899999997,0.200281873,0.0092,22.3094,16.1888,145.0,40.0
3001,3039.0,0.191725333,0.194779235,0.0,31.4576,8.8136,153.0,35.0
3002,3040.0,0.173667259,0.17621574399999998,0.0,26.3736,9.1453,141.0,34.0
3004,3042.0,0.143894222,0.142111108,2.3334,2.7626,5.2748,94.0,27.0
3006,3044.0,0.08390399999999999,0.07541195099999999,1.1429,0.2693,0.0,97.0,25.0
3008,3046.0,0.129760296,0.128129075,0.0388,0.0687,1.1822,165.0,38.0
3009,3047.0,0.119160296,0.118399425,0.0421,0.0422,1.7349,151.0,39.0
3010,3048.0,0.072744593,0.062341303,0.0225,1.2288,1.014,75.0,20.0
3011,3049.0,0.048760889,0.046876982000000005,0.3918,1.2256,0.133,51.0,16.0
3012,3050.0,0.112867556,0.111856599,5.2748,1.4169,2.455,89.0,23.0
3013,3051.0,0.150205926,0.15061923300000002,7.7108,2.9527,6.3063,126.0,32.0
3014,3052.0,0.14449777800000002,0.14349274,5.5804,2.9586,6.0727,130.0,29.0
3015,3053.0,0.112859852,0.144290782,0.0,5.2365,1.4219,91.0,28.0
3016,3054.0,0.147806222,0.146688186,11.2399,4.2789,15.5077,90.0,25.0
3017,3055.0,0.18940355600000003,0.189862527,19.7907,27.3291,17.8451,120.0,33.0
3018,3056.0,0.215599111,0.216504301,4.3184,26.823,16.6709,149.0,39.0
3019,3057.0,0.187769185,0.188644361,4.5997,32.8098,1.6822,136.0,37.0
3021,3059.0,0.150475852,0.149358521,0.3899,38.9523,4.414,105.0,26.0
3023,3061.0,0.073095407,0.07243853,1.3118,0.1944,0.0,63.0,20.0
3025,3063.0,0.070041185,0.06941047,0.17300000000000001,0.0778,0.0877,109.0,30.0
3026,3064.0,0.093872296,0.09336265099999999,0.1905,0.2697,0.0885,150.0,31.0
3027,3065.0,0.090658667,0.090324515,0.1406,0.4362,0.4719,135.0,28.0
3028,3066.0,0.064366222,0.06361948099999999,0.2938,1.6015,0.9233,84.0,20.0
3029,3067.0,0.065811259,0.06495073,1.575,1.7069999999999999,0.1355,72.0,18.0
3030,3068.0,0.122886815,0.12355087699999999,3.8584,4.2346,3.7762,89.0,24.0
3031,3069.0,0.126930963,0.127905147,3.2792,0.7703,5.914,96.0,27.0
3032,3070.0,0.12042725900000001,0.114731493,0.1337,0.6712,1.263,52.0,13.0
3033,3071.0,0.102896,0.072432596,0.0944,0.7095,0.3415,41.0,9.0
3034,3072.0,0.172645926,0.172099478,12.8398,9.5926,15.7745,95.0,26.0
3036,3074.0,0.18822311100000003,0.18724481399999998,4.0826,19.1399,17.3793,136.0,35.0
3041,3079.0,0.012346073999999999,0.004261911,0.0,0.0,0.0,19.0,5.0
3043,3081.0,0.06856888900000001,0.067562957,0.1744,0.0,0.0877,89.0,19.0
3044,3082.0,0.097817481,0.09730366300000001,0.1911,0.3193,0.0856,122.0,29.0
3045,3083.0,0.102040296,0.10153566900000001,0.1441,0.5185,0.5409,115.0,27.0
3046,3084.0,0.086337481,0.08595210699999999,0.2933,3.1465,1.1426,96.0,22.0
3047,3085.0,0.09209333300000001,0.092089064,1.5793,3.3483,0.9744,94.0,20.0
3048,3086.0,0.116831111,0.117232763,3.2104,4.3756,2.425,84.0,25.0
3049,3087.0,0.131198815,0.131766777,3.3575,1.2471,3.0079,92.0,24.0
3050,3088.0,0.155519111,0.155645286,1.2206,1.2638,1.2612,85.0,26.0
3051,3089.0,0.17554755600000002,0.175134815,38.183,4.553,0.3832,83.0,26.0
3052,3090.0,0.23205037,0.23194634100000003,24.0089,22.1442,24.7394,103.0,39.0
3053,3091.0,0.182049185,0.18070949,1.4482,1.6084,26.8139,106.0,28.0
3054,3092.0,0.113797926,0.11159035,1.7087,0.7324,17.3267,80.0,23.0
3055,3093.0,0.064328,0.056785774000000004,0.006,0.2704,0.33899999999999997,60.0,17.0
3056,3094.0,0.099219259,0.097297729,1.2744,0.4767,0.7736,99.0,25.0
3058,3096.0,0.189491259,0.18738588899999997,2.126,10.6488,2.5568,134.0,33.0
3060,3098.0,0.093505481,0.084928534,6.0377,0.5948,0.0,66.0,15.0
3062,3100.0,0.089792296,0.082064837,0.0,0.2707,0.0897,44.0,10.0
3063,3101.0,0.10337037,0.103698921,0.2128,0.3003,1.149,95.0,22.0
3064,3102.0,0.106577481,0.10740749599999999,0.0481,7.9802,2.7223,100.0,24.0
3065,3103.0,0.120821926,0.121261218,1.1571,7.6976,4.5235,107.0,25.0
3066,3104.0,0.10122637,0.10038076300000001,0.0555,6.2894,2.4381,80.0,24.0
3067,3105.0,0.126906074,0.126018558,3.4751,9.4084,3.0211,81.0,23.0
3068,3106.0,0.157041185,0.156686548,0.013000000000000001,10.4029,19.1262,98.0,29.0
3069,3107.0,0.22839437,0.23006982899999998,43.3034,28.6324,24.1239,105.0,38.0
3070,3108.0,0.264200889,0.266639428,25.8687,23.4837,44.1899,125.0,39.0
3071,3109.0,0.192024296,0.19083661100000002,0.4551,0.2192,21.104,107.0,30.0
3072,3110.0,0.102811852,0.09421783,0.4504,0.0,11.4777,41.0,11.0
3073,3111.0,0.101711704,0.086739436,1.2051,0.0,2.3533,63.0,15.0
3075,3113.0,0.17373748100000003,0.173009743,3.5210000000000004,2.1202,4.1751,132.0,35.0
3077,3115.0,0.142760889,0.14349162099999999,4.3789,0.564,0.0,71.0,20.0
3079,3117.0,0.19239229600000002,0.192650424,3.636,44.73,3.4512,95.0,27.0
3080,3118.0,0.142561185,0.142898213,1.0525,20.3703,1.3094,91.0,26.0
3081,3119.0,0.12614637,0.127221049,0.1465,17.6433,10.4291,100.0,25.0
3082,3120.0,0.09417511099999999,0.09487192300000001,0.0689,5.7656,0.0026,87.0,24.0
3083,3121.0,0.102479704,0.10278395300000001,1.2235,5.5234,0.9192,76.0,20.0
3084,3122.0,0.12924000000000002,0.12989922199999998,26.3857,6.3845,2.818,72.0,22.0
3085,3123.0,0.173772444,0.174927682,31.4311,27.6747,17.2257,91.0,31.0
3086,3124.0,0.1944,0.195000543,3.0884,38.0376,33.728,97.0,35.0
3087,3125.0,0.207364148,0.208138369,32.3685,33.6412,6.6649,105.0,33.0
3088,3126.0,0.216564148,0.217485103,21.1958,21.6336,9.0619,113.0,35.0
3090,3128.0,0.089839407,0.083800051,0.4498,0.0,4.8495,39.0,12.0
